app.msg	1	PLC%d:	0	OK
app.msg	1	PLC%d:	1	FAULT DRIVE EJE SETUP
app.msg	1	PLC%d:	2	PROTECCION MOTOR
app.msg	1	PLC%d:	3	PRES. AIRE INSUFICIENTE
app.msg	1	PLC%d:	4	EMERGENCIA MAQUINA
app.msg	1	PLC%d:	5	FAULT DRIVE EJE BRUSHLESS
app.msg	1	PLC%d:	6	FAULT DRIVE EJE X
app.msg	1	PLC%d:	7	FAULT DRIVE EJE Y
app.msg	1	PLC%d:	8	FAULT DRIVE EJE Z
app.msg	1	PLC%d:	9	FAULT DRIVE EJE A
app.msg	1	PLC%d:	10	FINAL CARRERA EJE X+
app.msg	1	PLC%d:	11	FINAL CARRERA EJE X-
app.msg	1	PLC%d:	12	FINAL CARRERA EJE Y+
app.msg	1	PLC%d:	13	FINAL CARRERA EJE Y-
app.msg	1	PLC%d:	14	FINAL CARRERA EJE Z+
app.msg	1	PLC%d:	15	FINAL CARRERA EJE Z-+
app.msg	1	PLC%d:	16	FAULT DRIVE EJE C
app.msg	1	PLC%d:	17	FINAL CARRERA EJE A-
app.msg	1	PLC%d:	18	FINAL CARRERA EJE A+
app.msg	1	PLC%d:	19	ESPECTATION ALMACEN OUT
app.msg	1	PLC%d:	20	ESPECTATION ALMACEN IN
app.msg	1	PLC%d:	21	ESPECTATION ALMACEN DOWN
app.msg	1	PLC%d:	22	ESPECTATION ALMACEN UP
app.msg	1	PLC%d:	23	ESPECTATION HERRAMIENTA BLOCADO
app.msg	1	PLC%d:	24	ESPECTATION HERRAMIENTA BLOJADO
app.msg	1	PLC%d:	25	ESPECTATION ELECTROBROCA POS. CAMBIO HERRAMIENTA
app.msg	1	PLC%d:	26	ESPECTATION ELECTROBROCA POS. 1
app.msg	1	PLC%d:	27	ESPECTATION ELECTROBROCA POS. 2
app.msg	1	PLC%d:	28	ESPECTATION ELECTROBROCA POS. 3
app.msg	1	PLC%d:	29	ESPECTATION GORROS POS. CAMBIO HERRAMIENTA
app.msg	1	PLC%d:	30	CAMBIO HERRAMIENTA EN CURSO
app.msg	1	PLC%d:	31	AREGLADA ALMACEN EN CURSO
app.msg	1	PLC%d:	32	AREGLADA EJES EN CURSO
app.msg	1	PLC%d:	33	PULSADOR START EN ESPERA
app.msg	1	PLC%d:	34	AREGLADA EJES EXISTENT
app.msg	1	PLC%d:	35	ERROR AREGLADA EJE X
app.msg	1	PLC%d:	36	ERROR AREGLADA EJE Y
app.msg	1	PLC%d:	37	ERROR AREGLADA EJE Z
app.msg	1	PLC%d:	38	ERROR AREGLADA EJE VECTOR
app.msg	1	PLC%d:	39	ERROR AREGLADA EJE ALMACEN
app.msg	1	PLC%d:	40	MAQUINA EN STANDBY - PRESIONAR START PARA CONTINUAR -
app.msg	1	PLC%d:	41	TENSION BATERIA INSUFICIENTE
app.msg	1	PLC%d:	42	REENGANCHARGE ELECTROBROCA EN CURSO
app.msg	1	PLC%d:	43	SELECIONAR MODO EMERGENCIA MAQUINA
app.msg	1	PLC%d:	44	ESPERA ROTACION GRUPO
app.msg	1	PLC%d:	45	ESPERA BLOQUEO PANEL AREA AB
app.msg	1	PLC%d:	46	TECLADO MOBILE EXISTENT
app.msg	1	PLC%d:	47	MODO SETTING
app.msg	1	PLC%d:	48	ERROR FREQUENCIA INVERTER
app.msg	1	PLC%d:	49	INVERTER 1 EMERGENCIA
app.msg	1	PLC%d:	50	INVERTER 2 EMERGENCIA
app.msg	1	PLC%d:	51	INVERTER 3 EMERGENCIA
app.msg	1	PLC%d:	52	INVERTER 4 EMERGENCIA
app.msg	1	PLC%d:	53	ESPERA BLOQUEO PANEL AREA CD
app.msg	1	PLC%d:	54	FAULT ELECTROBROCA TWIN-PACK 5
app.msg	1	PLC%d:	55	FAULT ELECTROBROCA TWIN-PACK 6
app.msg	1	PLC%d:	56	FAULT ELECTROBROCA CAMBIO HERRAMIENTA CHANGER
app.msg	1	PLC%d:	57	FAULT ELECTROBROCA TWIN-PACK 1
app.msg	1	PLC%d:	58	FAULT ELECTROBROCA TWIN-PACK 2
app.msg	1	PLC%d:	59	FAULT ELECTROBROCA TWIN-PACK 3
app.msg	1	PLC%d:	60	FAULT ELECTROBROCA TWIN-PACK 4
app.msg	1	PLC%d:	61	ESPECTATION ALMACEN ABIERTO
app.msg	1	PLC%d:	62	ESPECTATION PROTECCIONES ALMACEN ABIERTA
app.msg	1	PLC%d:	63	ESPECTATION ALMACEN CERRADO
app.msg	1	PLC%d:	64	ESPECTATION PROTECCIONES ALMACEN CERRADA
app.msg	1	PLC%d:	65	ESPECTATION ELECTROBROCA ALTO
app.msg	1	PLC%d:	66	ESPECTATION ELECTROBROCA POSICION 1
app.msg	1	PLC%d:	67	ESPECTATION ELECTROBROCA POSICION 2
app.msg	1	PLC%d:	68	ESPECTATION ELECTROBROCA POSICION 3
app.msg	1	PLC%d:	69	ESPECTATION LANZADERA ALTA
app.msg	1	PLC%d:	70	ESPECTATION LANZADERA BAJA
app.msg	1	PLC%d:	71	ESPECTATION HERRAMIENTA BLOCADO
app.msg	1	PLC%d:	72	ESPECTATION HERRAMIENTA BLOJADO
app.msg	1	PLC%d:	73	LUBRIFICACION EN CURSO
app.msg	1	PLC%d:	74	ERROR LUBRIFICACION
app.msg	1	PLC%d:	75	NO ACEITE EN BOMBA
app.msg	1	PLC%d:	76	ANOMALIA CAMBIO HERRAMIENTA
app.msg	1	PLC%d:	77	ELECTROBROCA SIN HERRAMIENTA
app.msg	1	PLC%d:	78	FALTA CAMBIO HERRAMIENTA
app.msg	1	PLC%d:	79	GORROS ALTAS PARA OPERADOR
app.msg	1	PLC%d:	80	HERRAMIENTA TALADRO POSICION
app.msg	1	PLC%d:	81	ESPERA PANEL EN EL TOPE LATERAL AB
app.msg	1	PLC%d:	82	CAMBIO HERRAMIENTA MANUALE EN ELECTROBROCA 1
app.msg	1	PLC%d:	83	HOLD DESDE FOTOCELULA - PRESIONAR START PARA CONTINUAR
app.msg	1	PLC%d:	84	EMERGENCIA FOTOCELULA
app.msg	1	PLC%d:	85	CAMBIO HERRAMIENTA MANUALE EN ELECTROBROCA 2
app.msg	1	PLC%d:	86	CAMBIO HERRAMIENTA MANUALE EN ELECTROBROCA 3
app.msg	1	PLC%d:	87	CAMBIO HERRAMIENTA MANUALE EN ELECTROBROCA 4
app.msg	1	PLC%d:	88	ESPECTACION F1 CONFIRMAR DESCARGA
app.msg	1	PLC%d:	89	RETRAER ALMACEN
app.msg	1	PLC%d:	90	ESPECTACION F1 CONFIRMAR CARGA
app.msg	1	PLC%d:	91	PULSADOR START EN ESPERA
app.msg	1	PLC%d:	92	NO EDIT
app.msg	1	PLC%d:	93	NO MODE
app.msg	1	PLC%d:	94	FALTA DEPRESSION
app.msg	1	PLC%d:	95	PROGRAMA INEXISTENT EN EL CAMPO SOLIC.
app.msg	1	PLC%d:	96	FEED RATE NULA
app.msg	1	PLC%d:	97	ESPERA PROTECCIONES ALTAS
app.msg	1	PLC%d:	98	ESPERA PROTECCIONES BAJAS
app.msg	1	PLC%d:	99	APRETAR F2 CONFIRMAR
app.msg	1	PLC%d:	100	ESPERA ALMACEN EN POSICION 1
app.msg	1	PLC%d:	101	ESPERA ALMACEN EN POSICION 2
app.msg	1	PLC%d:	102	ESPERA ALMACEN EN POSICION 3
app.msg	1	PLC%d:	103	ESPERA ALMACEN EN POSICION 4
app.msg	1	PLC%d:	104	ESPERA ALMACEN ALTO
app.msg	1	PLC%d:	105	ESPERA ALMACEN BAJO
app.msg	1	PLC%d:	106	ESPERA ALMACEN IZQUIERDA
app.msg	1	PLC%d:	107	ESPERA ALMACEN DERECHA
app.msg	1	PLC%d:	108	ESPERA BLOQUEO HERRAMIENTA EN ELECTROBROCA 1
app.msg	1	PLC%d:	109	ESPERA BLOQUEO HERRAMIENTA EN ELECTROBROCA 2
app.msg	1	PLC%d:	110	ESPERA BLOQUEO HERRAMIENTA EN ELECTROBROCA 3
app.msg	1	PLC%d:	111	ESPERA BLOQUEO HERRAMIENTA EN ELECTROBROCA 4
app.msg	1	PLC%d:	112	ESPERA DESBLOQUEO HERRAMIENTA EN ELECTROBROCA 1
app.msg	1	PLC%d:	113	ESPERA DESBLOQUEO HERRAMIENTA EN ELECTROBROCA 2
app.msg	1	PLC%d:	114	ESPERA DESBLOQUEO HERRAMIENTA EN ELECTROBROCA 3
app.msg	1	PLC%d:	115	ESPERA DESBLOQUEO HERRAMIENTA EN ELECTROBROCA 4
app.msg	1	PLC%d:	116	PLAZA SELECIONADO NO VACIA
app.msg	1	PLC%d:	117	PLAZA SELECIONADO SIN HERRAMIENTA
app.msg	1	PLC%d:	118	ESPERA ELECTROBROCA 1 EN POSICION DE CAMBIO DE HERRAMIENTA
app.msg	1	PLC%d:	119	ESPERA ELECTROBROCA 2 EN POSICION DE CAMBIO DE HERRAMIENTA
app.msg	1	PLC%d:	120	ESPERA ELECTROBROCA 3 EN POSICION DE CAMBIO DE HERRAMIENTA
app.msg	1	PLC%d:	121	ESPERA ELECTROBROCA 4 EN POSICION DE CAMBIO DE HERRAMIENTA
app.msg	1	PLC%d:	122	ESPERA PANEL EN EL TOPE LATERAL CD
app.msg	1	PLC%d:	123	CONFIRMACION DESCARGADO TRANSPORTADORES
app.msg	1	PLC%d:	124	DESCARGADO PAR A EMERGENCIA EN CURSO
app.msg	1	PLC%d:	125	INHIBIBICION DESCARGADO AREA AB
app.msg	1	PLC%d:	126	INHIBIBICION DESCARGADO AREA CD
app.msg	1	PLC%d:	127	GRUPO OPERADOR
app.msg	1	PLC%d:	128	DESCARGADOR
app.msg	1	PLC%d:	129	EFECTUAR LA REGULACIÓN DE LAS MESAS Y LAS VENTOSAS
app.msg	1	PLC%d:	130	ENGANCHE NO EFECTUADO
app.msg	1	PLC%d:	131	ESPERA GRUPO POSICIONADOR MESAS Y VENTOSAS BAJO
app.msg	1	PLC%d:	132	ESPERA GRUPO POSICIONADOR MESAS Y VENTOSAS ALTO
app.msg	1	PLC%d:	133	FAULT DRIVE EJE B
app.msg	1	PLC%d:	134	ERROR AREGLADA EJE B
app.msg	1	PLC%d:	135	LUBRIFICAR MAQUINA
app.msg	1	PLC%d:	136	UTENSILIO DESGASTADO
app.msg	1	PLC%d:	137	PROBE ERROR
app.msg	1	PLC%d:	138	TIME OUT SERIAL LINE (RS232)
app.msg	1	PLC%d:	139	FAULT DRIVE SERIAL AXES
app.msg	1	PLC%d:	140	ERROR GENERAL EN EL POSICIONAMIENTO MESAS Y VENTOSAS
app.msg	1	PLC%d:	141	CAMBIO HERRAMIENTA RAPID 1
app.msg	1	PLC%d:	142	CAMBIO HERRAMIENTA RAPID 2
app.msg	1	PLC%d:	143	MISSING DOWEL - PRESS START -
app.msg	1	PLC%d:	144	CYCLE CLEAN
app.msg	1	PLC%d:	145	WAIT DOWEL TO INSERT GROUP
app.msg	1	PLC%d:	146	WAIR INSERT GROUP DOWN
app.msg	1	PLC%d:	147	WAIT INSERT DOWN
app.msg	1	PLC%d:	148	WAIT INSERT GROUP UP
app.msg	1	PLC%d:	149	SIMULATE NON AVAILABLE
app.msg	1	PLC%d:	150	WORKING AREA AB CLAMPS
app.msg	1	PLC%d:	151	WORKING AREA CD CLAMPS
app.msg	1	PLC%d:	152	AREA AB CLAMPS UP
app.msg	1	PLC%d:	153	AREA CD CLAMPS UP
app.msg	1	PLC%d:	154	TOOL ROOM NOT IN HOME POSITION
app.msg	1	PLC%d:	155	WAITING TOOL ROOM UP POSITION
app.msg	1	PLC%d:	156	WAITING TOOL ROOM DOWN POSITION
app.msg	1	PLC%d:	157	WAITING TOOL ROOM Y- POSITION
app.msg	1	PLC%d:	158	WAITING TOOL ROOM Y+ POSITION
app.msg	1	PLC%d:	159	SPINDLE AND INVERTER NOT OK (10% MORE)
app.msg	1	PLC%d:	160	REFRIGERANTE ELECTROBROCA 1 NO OK
app.msg	1	PLC%d:	160	REFRIGERANTE ELECTROBROCA 2 NO OK
app.msg	1	PLC%d:	162	VENTOSAS NO BLOQUEADAS EN MESA AB
app.msg	1	PLC%d:	163	VENTOSAS NO BLOQUEADAS EN MESA CD
app.msg	1	PLC%d:	164	CARGA AREA AB NO OK
app.msg	1	PLC%d:	165	CARGA AREA CD NO OK
app.msg	1	PLC%d:	166	ORIGEN CAMPANA EN CURSO
app.msg	1	PLC%d:	167	HACER LA REFERENCIA DE LA CAMPANA
app.msg	1	PLC%d:	168	FAULT CAMPANA
app.msg	1	PLC%d:	169	CARGA AREA AB NO LIBRE
app.msg	1	PLC%d:	170	CARGA AREA CD NO LIBRE
app.msg	1	PLC%d:	171	ANOMALIA ELECTROBROCA
app.msg	1	PLC%d:	172	ESPERA CILINDRO BAJO CAMPANA
app.msg	1	PLC%d:	173	ESPERA CILINDRO ALTO CAMPANA
app.msg	1	PLC%d:	174	CUFFIA DISABILITATA
app.msg	1	PLC%d:	175	ESPECTATION GRUPO DESCARGA PANEL EN POSICION BAJA
app.msg	1	PLC%d:	176	ESPECTATION GRUPO DESACRGA PANEL EN POSICION ALTA
app.msg	1	PLC%d:	177	PRESENCIA VACIO AREA A
app.msg	1	PLC%d:	178	ERRORES MOTORES PLANOS Y VENTOSAS AREA A
app.msg	1	PLC%d:	179	ERRORES MOTORES PLANOS Y VENTOSAS AREA B
app.msg	1	PLC%d:	180	ERRORES MOTORES PLANOS Y VENTOSAS AREA C
app.msg	1	PLC%d:	181	ERRORES MOTORES PLANOS Y VENTOSAS AREA D
app.msg	1	PLC%d:	182	APRETAR F5 PARA CONFIRMAR EL DEPLAZAMIENTO VENTOSAS
app.msg	1	PLC%d:	183	SETUP PLANOS Y VENTOSAS EN CURSO
app.msg	1	PLC%d:	184	SETUP PLANOS Y VENTOSAS NO PROGRAMADO
app.msg	1	PLC%d:	185	ERROR SETUP PLANOS Y VENTOSAS
app.msg	1	PLC%d:	186	ESPERA DESBLOQUEO VENTOSAS
app.msg	1	PLC%d:	187	ESPERA DISPOSITIVO DE ATAQUE PLANOS ET VENTOSAS BAJO
app.msg	1	PLC%d:	188	ESPERA ATAQUE PLANOS
app.msg	1	PLC%d:	189	ESPERA ATAQUE VENTOSA - PLANO 1
app.msg	1	PLC%d:	190	ESPERA ATAQUE VENTOSA - PLANO 2
app.msg	1	PLC%d:	191	ESPERA ATAQUE VENTOSA - PLANO 3
app.msg	1	PLC%d:	192	ESPERA ATAQUE VENTOSA - PLANO 4
app.msg	1	PLC%d:	193	ESPERA ATAQUE VENTOSA - PLANO 5
app.msg	1	PLC%d:	194	ESPERA ATAQUE VENTOSA - PLANO 6
app.msg	1	PLC%d:	195	ESPERA ATAQUE VENTOSA - PLANO 7
app.msg	1	PLC%d:	196	ESPERA ATAQUE VENTOSA - PLANO 8
app.msg	1	PLC%d:	197	ESPERA ATAQUE VENTOSA - PLANO 9
app.msg	1	PLC%d:	198	ESPERA ATAQUE VENTOSA - PLANO 10
app.msg	1	PLC%d:	199	ESPERA ATAQUE VENTOSA - PLANO 11
app.msg	1	PLC%d:	200	ESPERA ATAQUE VENTOSA - PLANO 12
app.msg	1	PLC%d:	201	APRETAR F5 PARA CONFIRMAR LA CONEXION VENTOSA O PLANO
app.msg	1	PLC%d:	202	EXECUTION DESPLAZAMIENTO DISPOSITIVOS DE BLOQUEO EN LAS AREAS A/E
app.msg	1	PLC%d:	203	EXECUTION DESPLAZAMIENTO DISPOSITIVOS DE BLOQUEO EN LAS AREAS D/H
app.msg	1	PLC%d:	204	ESPECTATION ELECTROBROCA POS. 0
app.msg	1	PLC%d:	205	ESPERA ALMACEN EN POSICION 5
app.msg	1	PLC%d:	206	ESPERA ALMACEN EN POSICION 6
app.msg	1	PLC%d:	207	ESPERA ALMACEN EN POSICION 7
app.msg	1	PLC%d:	208	ESPERA ALMACEN EN POSICION 8
app.msg	1	PLC%d:	209	ESPERA ALMACEN EN POSICION 9
app.msg	1	PLC%d:	210	ESPERA ALMACEN EN POSICION 10
app.msg	1	PLC%d:	211	ESPERA ALMACEN EN POSICION 11
app.msg	1	PLC%d:	212	ESPERA ALMACEN EN POSICION 12
app.msg	1	PLC%d:	213	SET UP PLANOS Y VENTOSAS AREA A NO EFECTUADO
app.msg	1	PLC%d:	214	SET UP PLANOS Y VENTOSAS AREA B NO EFECTUADO
app.msg	1	PLC%d:	215	SET UP PLANOS Y VENTOSAS AREA C NO EFECTUADO
app.msg	1	PLC%d:	216	SET UP PLANOS Y VENTOSAS AREA D NO EFECTUADO
app.msg	1	PLC%d:	217	ESPERA ALMACEN EN POSICION 13
app.msg	1	PLC%d:	218	ESPERA ALMACEN EN POSICION 14
app.msg	1	PLC%d:	219	APRETAR F5 PARA CONFIRMAR EL TRABAJO DEL PANEL
app.msg	1	PLC%d:	220	CALIBRACIÓN GLOBAL REALIZADA
app.msg	1	PLC%d:	221	ESPERA FASE BLOQUEO DISPOSITIVOS AREA A/E
app.msg	1	PLC%d:	222	ESPERA FASE BLOQUEO DISPOSITIVOS AREA D/H
app.msg	1	PLC%d:	223	REQUESTA BLOQUEO DISPOSITIVOS AREA A/E
app.msg	1	PLC%d:	224	REQUESTA BLOQUEO DISPOSITIVOS AREA D/E
app.msg	1	PLC%d:	225	WORKING AREA A CLAMPS
app.msg	1	PLC%d:	226	WORKING AREA B CLAMPS
app.msg	1	PLC%d:	227	AREA A CLAMPS UP
app.msg	1	PLC%d:	228	AREA B CLAMPS UP
app.msg	1	PLC%d:	229	VENTOSAS NO BLOQUEADAS EN MESA A
app.msg	1	PLC%d:	230	VENTOSAS NO BLOQUEADAS EN MESA B
app.msg	1	PLC%d:	231	TRABAJO NO POSSIBLE EN LAS AREAS AB/BA CON LOS DISPOSITIVOS DE BLOQUEO
app.msg	1	PLC%d:	232	TRABAJO NO POSSIBLE EN LAS AREAS AD/DA
app.msg	1	PLC%d:	233	TRABAJO AUTOMATICO CON DISPOSITIVOS DE BLOQUEO AREA A/E
app.msg	1	PLC%d:	234	TRABAJO MANUAL CON DISPOSITIVOS DE BLOQUEO AREA A/E
app.msg	1	PLC%d:	235	TRABAJO AUTOMATICO CON DISPOSITIVOS DE BLOQUEO AREA H/D
app.msg	1	PLC%d:	236	TRABAJO MANUAL CON DISPOSITIVOS DE BLOQUEO AREA H/D
app.msg	1	PLC%d:	237	SELETTORI MORSETTI NON SELEZIONATO
app.msg	1	PLC%d:	238	EJE B BLOJADO
app.msg	1	PLC%d:	239	TOPE EN POSICION ALTA MESA AB
app.msg	1	PLC%d:	240	TOPE EN POSICION ALTA MESA CD
app.msg	1	PLC%d:	241	TIME OUT CANOPEN
app.msg	1	PLC%d:	242	APRETAR F5 PARA CONFIRMAR EL REEMPLAZO DE LAS VENTOSAS 
app.msg	1	PLC%d:	243	REEMPLAZAR/RODAR VENTOSA EN EL PLANO 1
app.msg	1	PLC%d:	244	REEMPLAZAR/RODAR VENTOSA EN EL PLANO 2
app.msg	1	PLC%d:	245	REEMPLAZAR/RODAR VENTOSA EN EL PLANO 3
app.msg	1	PLC%d:	246	REEMPLAZAR/RODAR VENTOSA EN EL PLANO 4
app.msg	1	PLC%d:	247	REEMPLAZAR/RODAR VENTOSA EN EL PLANO 5
app.msg	1	PLC%d:	248	REEMPLAZAR/RODAR VENTOSA EN EL PLANO 6
app.msg	1	PLC%d:	249	REEMPLAZAR/RODAR VENTOSA EN EL PLANO 7
app.msg	1	PLC%d:	250	REEMPLAZAR/RODAR VENTOSA EN EL PLANO 8
app.msg	1	PLC%d:	251	REEMPLAZAR/RODAR VENTOSA EN EL PLANO 9
app.msg	1	PLC%d:	252	REEMPLAZAR/RODAR VENTOSA EN EL PLANO 10
app.msg	1	PLC%d:	253	ESPERA TERMINE DESPLAZAMIENTO PLANOS-VENTOSAS
app.msg	1	PLC%d:	254	SALIDA PALETA DE DESCARGA
app.msg	1	PLC%d:	255	DESCARGA DEL TABLERO
app.msg	1	PLC%d:	256	NO ACEITE HERRAMIENTA EN BOMBA
app.msg	1	PLC%d:	257	PRESENCIA VACIO AREA B
app.msg	1	PLC%d:	258	PRESENCIA VACIO AREA C
app.msg	1	PLC%d:	259	PRESENCIA VACIO AREA D
app.msg	1	PLC%d:	260	HOLD DESPLAZAMIENTO PLANOS
app.msg	1	PLC%d:	261	APRETAR F2- CONTROL MOVÍL (PEDIDO DE RESET)
app.msg	1	PLC%d:	262	REEMPLAZAR/RODAR VENTOSA EN EL PLANO 11
app.msg	1	PLC%d:	263	REEMPLAZAR/RODAR VENTOSA EN EL PLANO 12
app.msg	1	PLC%d:	264	RESET EN COURS
app.msg	1	PLC%d:	265	ELIMINAR/INSERTAR VENTOSA EN AREA AB COMO INDICACIÓN GRÁFICA
app.msg	1	PLC%d:	266	ELIMINAR/INSERTAR VENTOSA EN AREA CD COMO INDICACIÓN GRÁFICA
app.msg	1	PLC%d:	267	
app.msg	1	PLC%d:	268	ESPERA RESPUESTA DE START OK A LA CARGA
app.msg	1	PLC%d:	269	SETUP PLANOS Y VENTOSAS EN CURSO AREA A
app.msg	1	PLC%d:	270	SETUP PLANOS Y VENTOSAS EN CURSO AREA B
app.msg	1	PLC%d:	271	SETUP PLANOS Y VENTOSAS EN CURSO AREA C
app.msg	1	PLC%d:	272	SETUP PLANOS Y VENTOSAS EN CURSO AREA D
app.msg	1	PLC%d:	273	SETUP PLANOS PEDIDO
app.msg	1	PLC%d:	274	DESPLAZAMIENTO EJE EN LA ZONA DE INTERFERENCIA CAMBIO DE HERRAMIENTA
app.msg	1	PLC%d:	275	DESPLAZAMIENTO EJES LOMITADO
app.msg	1	PLC%d:	276	CICLO DE  CARGA PANEL EN CURSO
app.msg	1	PLC%d:	277	CICLO DE DESCARGA PANEL EN CURSO
app.msg	1	PLC%d:	278	ESPERA GRUPO VENTOAS BAJO
app.msg	1	PLC%d:	279	ESPERA GRUPO VENTOSAS ALTO
app.msg	1	PLC%d:	280	ESPERA ACTIVACION VACIO SOBRE EL GRUPO VENTOSAS
app.msg	1	PLC%d:	281	ESPERA DESACTIVACION VACIO SOBRE EL GRUPO VENTOSAS
app.msg	1	PLC%d:	282	ESPERA TOPES BAJADOS
app.msg	1	PLC%d:	283	ESPERA TOPES LEVANTADAS
app.msg	1	PLC%d:	284	ESPERA PANEL BLOQUEADO
app.msg	1	PLC%d:	285	CARGADOR EN EMERGENCIA
app.msg	1	PLC%d:	286	ESPERA PANEL EN EL CARGADOR
app.msg	1	PLC%d:	287	DESCARGADOR EN EMERGENCIA
app.msg	1	PLC%d:	288	ESPERA DESCARGADOR LIBRE
app.msg	1	PLC%d:	289	PEDIDA INTERVENCION DEL OPERADOR
app.msg	1	PLC%d:	290	PANEL NOT IN HOME POSITION
app.msg	1	PLC%d:	291	QINX BENZ: ESPERA FRENO ORIENTACIN DESBLOQUEADO
app.msg	1	PLC%d:	292	QINX BENZ: ESPERA FRENO ORIENTACIN BLOQUEADO
app.msg	1	PLC%d:	293	QINX BENZ: ESPECTATION HERRAMIENTA DESBLOQUEADO
app.msg	1	PLC%d:	294	QINX BENZ: ESPECTATION HERRAMIENTA BLOQUEADO
app.msg	1	PLC%d:	295	QINX BENZ: ESPERA VERIFICACIN PRESENCIA HERRAMIENTA
app.msg	1	PLC%d:	296	QINX BENZ: ESPERA VERIFICACIN AUSENCIA HERRAMIENTA
app.msg	1	PLC%d:	297	QINX BENZ: CAMBIO HERRAMIENTA EN CURSO
app.msg	1	PLC%d:	298	QINX BENZ: SIN BAJO-HERRAMIENTA
app.msg	1	PLC%d:	299	QINX BENZ: JUNTOS BAJO-HERRAMIENTA NO SALVO
app.msg	1	PLC%d:	300	QINX BENZ: ORIENTACION EN CURSO
app.msg	1	PLC%d:	301	VELOCIDAD REDUCIDA POR FOTOCLULAS
app.msg	1	PLC%d:	302	DISPOSITIVO DE VERIFICACIN DE VELOCIDAD REDUCIDA POR ERROR
app.msg	1	PLC%d:	303	INTERVENCIN DISPOSITIVO VERIFICACIN VELOCIDAD REDUCIDA
app.msg	1	PLC%d:	304	QINX BENZ: ALICATES BAJO-HERRAMIENTA INAPROPIADO
app.msg	1	PLC%d:	305	QINX BENZ: PARÁMETROS INAPROPIADO
app.msg	1	PLC%d:	306	QINX BENZ: ÁNGULO B MÁS ALLÁ LÍMITES
app.msg	1	PLC%d:	307	ELECTROBROCA JUNTOS HERRAMIENTA NO SALVO
app.msg	1	PLC%d:	308	ELECTROBROCA SIN CABEZA ÁNGULO QINX BENZ
app.msg	1	PLC%d:	309	SOLTAR GRUPO OPERADOR: VEASE CAP. CALIBRACION CABEZAL QINX
app.msg	1	PLC%d:	310	
app.msg	1	PLC%d:	311	
app.msg	1	PLC%d:	312	
app.msg	1	PLC%d:	313	CICLO DE ETIQUETADO EN CURSO
app.msg	1	PLC%d:	314	ETIQUETADORA NO LISTA
app.msg	1	PLC%d:	315	ETIQUETADORA NO EN POSICIÓN
app.msg	1	PLC%d:	316	ERROR ETIQUETADORA
app.msg	1	PLC%d:	317	
app.msg	1	PLC%d:	318	
app.msg	1	PLC%d:	319	
app.msg	1	PLC%d:	320	
app.msg	1	PLC%d:	321	ELIMINAR VENTOSA EN EL PLANO 1
app.msg	1	PLC%d:	322	ELIMINAR VENTOSA EN EL PLANO 2
app.msg	1	PLC%d:	323	ELIMINAR VENTOSA EN EL PLANO 3
app.msg	1	PLC%d:	324	ELIMINAR VENTOSA EN EL PLANO 4
app.msg	1	PLC%d:	325	ELIMINAR VENTOSA EN EL PLANO 5
app.msg	1	PLC%d:	326	ELIMINAR VENTOSA EN EL PLANO 6
app.msg	1	PLC%d:	327	ELIMINAR VENTOSA EN EL PLANO 7
app.msg	1	PLC%d:	328	ELIMINAR VENTOSA EN EL PLANO 8
app.msg	1	PLC%d:	329	ELIMINAR VENTOSA EN EL PLANO 9
app.msg	1	PLC%d:	330	ELIMINAR VENTOSA EN EL PLANO 10
app.msg	1	PLC%d:	331	ELIMINAR VENTOSA EN EL PLANO 11
app.msg	1	PLC%d:	332	ELIMINAR VENTOSA EN EL PLANO 12
app.msg	1	PLC%d:	333	INSERTAR VENTOSA EN EL PLANO 1
app.msg	1	PLC%d:	334	INSERTAR VENTOSA EN EL PLANO 2
app.msg	1	PLC%d:	335	INSERTAR VENTOSA EN EL PLANO 3
app.msg	1	PLC%d:	336	INSERTAR VENTOSA EN EL PLANO 4
app.msg	1	PLC%d:	337	INSERTAR VENTOSA EN EL PLANO 5
app.msg	1	PLC%d:	338	INSERTAR VENTOSA EN EL PLANO 6
app.msg	1	PLC%d:	339	INSERTAR VENTOSA EN EL PLANO 7
app.msg	1	PLC%d:	340	INSERTAR VENTOSA EN EL PLANO 8
app.msg	1	PLC%d:	341	INSERTAR VENTOSA EN EL PLANO 9
app.msg	1	PLC%d:	342	INSERTAR VENTOSA EN EL PLANO 10
app.msg	1	PLC%d:	343	INSERTAR VENTOSA EN EL PLANO 11
app.msg	1	PLC%d:	344	INSERTAR VENTOSA EN EL PLANO 12
app.msg	1	PLC%d:	345	
app.msg	1	PLC%d:	346	
app.msg	1	PLC%d:	347	
app.msg	1	PLC%d:	348	
app.msg	1	PLC%d:	349	
app.msg	1	PLC%d:	350	
app.msg	1	PLC%d:	351	
app.msg	1	PLC%d:	352	
app.msg	1	PLC%d:	353	
app.msg	1	PLC%d:	354	
app.msg	1	PLC%d:	355	
app.msg	1	PLC%d:	356	
app.msg	1	PLC%d:	357	
app.msg	1	PLC%d:	358	
app.msg	1	PLC%d:	359	
app.msg	1	PLC%d:	360	
app.msg	1	PLC%d:	361	
app.msg	1	PLC%d:	362	
app.msg	1	PLC%d:	363	
app.msg	1	PLC%d:	364	
app.msg	1	PLC%d:	365	
app.msg	1	PLC%d:	366	
app.msg	1	PLC%d:	367	
app.msg	1	PLC%d:	368	
app.msg	1	PLC%d:	369	
app.msg	1	PLC%d:	370	
app.msg	1	PLC%d:	371	
app.msg	1	PLC%d:	372	
app.msg	1	PLC%d:	373	
app.msg	1	PLC%d:	374	
app.msg	1	PLC%d:	375	
app.msg	1	PLC%d:	376	
app.msg	1	PLC%d:	377	
app.msg	1	PLC%d:	378	
app.msg	1	PLC%d:	379	
app.msg	1	PLC%d:	380	
app.msg	1	PLC%d:	381	
app.msg	1	PLC%d:	382	
app.msg	1	PLC%d:	383	
app.msg	1	PLC%d:	384	
app.msg	1	PLC%d:	385	
app.msg	1	PLC%d:	386	
app.msg	1	PLC%d:	387	
app.msg	1	PLC%d:	388	
app.msg	1	PLC%d:	389	
app.msg	1	PLC%d:	390	
app.msg	1	PLC%d:	391	
app.msg	1	PLC%d:	392	
app.msg	1	PLC%d:	393	
app.msg	1	PLC%d:	394	
app.msg	1	PLC%d:	395	
app.msg	1	PLC%d:	396	
app.msg	1	PLC%d:	397	
app.msg	1	PLC%d:	398	
app.msg	1	PLC%d:	399	
app.msg	1	PLC%d:	400	
app.msg	1	PLC%d:	401	
app.msg	1	PLC%d:	402	
app.msg	1	PLC%d:	403	
app.msg	1	PLC%d:	404	
app.msg	1	PLC%d:	405	
app.msg	1	PLC%d:	406	
app.msg	1	PLC%d:	407	
app.msg	1	PLC%d:	408	
app.msg	1	PLC%d:	409	
app.msg	1	PLC%d:	410	
app.msg	1	PLC%d:	411	
app.msg	1	PLC%d:	412	
app.msg	1	PLC%d:	413	
app.msg	1	PLC%d:	414	
app.msg	1	PLC%d:	415	
app.msg	1	PLC%d:	416	
app.msg	1	PLC%d:	417	
app.msg	1	PLC%d:	418	
app.msg	1	PLC%d:	419	
app.msg	1	PLC%d:	420	
app.msg	1	PLC%d:	421	
app.msg	1	PLC%d:	422	
app.msg	1	PLC%d:	423	
app.msg	1	PLC%d:	424	
app.msg	1	PLC%d:	425	
app.msg	1	PLC%d:	426	
app.msg	1	PLC%d:	427	
app.msg	1	PLC%d:	428	
app.msg	1	PLC%d:	429	
app.msg	1	PLC%d:	430	
app.msg	1	PLC%d:	431	
app.msg	1	PLC%d:	432	
app.msg	1	PLC%d:	433	
app.msg	1	PLC%d:	434	
app.msg	1	PLC%d:	435	
app.msg	1	PLC%d:	436	
app.msg	1	PLC%d:	437	
app.msg	1	PLC%d:	438	
app.msg	1	PLC%d:	439	
app.msg	1	PLC%d:	440	
app.msg	1	PLC%d:	441	
app.msg	1	PLC%d:	442	
app.msg	1	PLC%d:	443	
app.msg	1	PLC%d:	444	
app.msg	1	PLC%d:	445	
app.msg	1	PLC%d:	446	
app.msg	1	PLC%d:	447	
app.msg	1	PLC%d:	448	
app.msg	1	PLC%d:	449	
app.msg	1	PLC%d:	450	
app.msg	1	PLC%d:	451	
app.msg	1	PLC%d:	452	
app.msg	1	PLC%d:	453	
app.msg	1	PLC%d:	454	
app.msg	1	PLC%d:	455	
app.msg	1	PLC%d:	456	
app.msg	1	PLC%d:	457	
app.msg	1	PLC%d:	458	
app.msg	1	PLC%d:	459	
app.msg	1	PLC%d:	460	
app.msg	1	PLC%d:	461	
app.msg	1	PLC%d:	462	
app.msg	1	PLC%d:	463	
app.msg	1	PLC%d:	464	
app.msg	1	PLC%d:	465	
app.msg	1	PLC%d:	466	
app.msg	1	PLC%d:	467	
app.msg	1	PLC%d:	468	
app.msg	1	PLC%d:	469	
app.msg	1	PLC%d:	470	
app.msg	1	PLC%d:	471	
app.msg	1	PLC%d:	472	
app.msg	1	PLC%d:	473	
app.msg	1	PLC%d:	474	
app.msg	1	PLC%d:	475	
app.msg	1	PLC%d:	476	
app.msg	1	PLC%d:	477	
app.msg	1	PLC%d:	478	
app.msg	1	PLC%d:	479	
app.msg	1	PLC%d:	480	
app.msg	1	PLC%d:	481	
app.msg	1	PLC%d:	482	
app.msg	1	PLC%d:	483	
app.msg	1	PLC%d:	484	
app.msg	1	PLC%d:	485	
app.msg	1	PLC%d:	486	
app.msg	1	PLC%d:	487	
app.msg	1	PLC%d:	488	
app.msg	1	PLC%d:	489	
app.msg	1	PLC%d:	490	
app.msg	1	PLC%d:	491	
app.msg	1	PLC%d:	492	
app.msg	1	PLC%d:	493	
app.msg	1	PLC%d:	494	
app.msg	1	PLC%d:	495	
app.msg	1	PLC%d:	496	
app.msg	1	PLC%d:	497	
app.msg	1	PLC%d:	498	
app.msg	1	PLC%d:	499	
app.msg	1	PLC%d:	500	
app.msg	1	PLC%d:	501	
app.msg	1	PLC%d:	502	
app.msg	1	PLC%d:	503	
app.msg	1	PLC%d:	504	
app.msg	1	PLC%d:	505	
app.msg	1	PLC%d:	506	
app.msg	1	PLC%d:	507	
app.msg	1	PLC%d:	508	
app.msg	1	PLC%d:	509	
app.msg	1	PLC%d:	510	
app.msg	1	PLC%d:	511	
app.msg	1	PLC%d:	512	
app.msg	1	PLC%d:	833	..\country\spa\icla.msg
app.msg	1	PLC%d:	834	..\country\spa\icla.msg
app.msg	1	PLC%d:	835	..\country\spa\icla.msg
app.msg	1	PLC%d:	836	..\country\spa\icla.msg
app.msg	1	PLC%d:	837	..\country\spa\icla.msg
app.msg	1	PLC%d:	838	..\country\spa\icla.msg
app.msg	1	PLC%d:	839	..\country\spa\icla.msg
app.msg	1	PLC%d:	840	..\country\spa\icla.msg
app.msg	1	PLC%d:	841	..\country\spa\icla.msg
app.msg	1	PLC%d:	842	..\country\spa\icla.msg
app.msg	1	PLC%d:	843	..\country\spa\icla.msg
app.msg	1	PLC%d:	844	..\country\spa\icla.msg
app.msg	1	PLC%d:	845	..\country\spa\icla.msg
app.msg	1	PLC%d:	846	..\country\spa\icla.msg
app.msg	1	PLC%d:	847	..\country\spa\icla.msg
app.msg	1	PLC%d:	848	..\country\spa\icla.msg
app.msg	1	PLC%d:	849	..\country\spa\icla.msg
app.msg	1	PLC%d:	850	..\country\spa\icla.msg
app.msg	1	PLC%d:	851	..\country\spa\icla.msg
app.msg	1	PLC%d:	852	..\country\spa\icla.msg
app.msg	1	PLC%d:	853	..\country\spa\icla.msg
app.msg	1	PLC%d:	854	..\country\spa\icla.msg
app.msg	1	PLC%d:	855	..\country\spa\icla.msg
app.msg	1	PLC%d:	856	..\country\spa\icla.msg
app.msg	1	PLC%d:	857	..\country\spa\icla.msg
app.msg	1	PLC%d:	858	..\country\spa\icla.msg
app.msg	1	PLC%d:	859	..\country\spa\icla.msg
app.msg	1	PLC%d:	860	..\country\spa\icla.msg
app.msg	1	PLC%d:	861	..\country\spa\icla.msg
app.msg	1	PLC%d:	862	..\country\spa\icla.msg
app.msg	1	PLC%d:	863	..\country\spa\icla.msg
app.msg	1	PLC%d:	864	..\country\spa\icla.msg
app.msg	1	PLC%d:	865	..\country\spa\icla.msg
app.msg	1	PLC%d:	866	..\country\spa\icla.msg
app.msg	1	PLC%d:	867	..\country\spa\icla.msg
app.msg	1	PLC%d:	868	..\country\spa\icla.msg
app.msg	1	PLC%d:	869	..\country\spa\icla.msg
app.msg	1	PLC%d:	870	..\country\spa\icla.msg
app.msg	1	PLC%d:	871	..\country\spa\icla.msg
app.msg	1	PLC%d:	872	..\country\spa\icla.msg
app.msg	1	PLC%d:	873	..\country\spa\icla.msg
app.msg	1	PLC%d:	874	..\country\spa\icla.msg
app.msg	1	PLC%d:	875	..\country\spa\icla.msg
app.msg	1	PLC%d:	876	..\country\spa\icla.msg
app.msg	1	PLC%d:	877	..\country\spa\icla.msg
app.msg	1	PLC%d:	878	..\country\spa\icla.msg
app.msg	1	PLC%d:	879	..\country\spa\icla.msg
app.msg	1	PLC%d:	880	..\country\spa\icla.msg
app.msg	1	PLC%d:	881	..\country\spa\icla.msg
app.msg	1	PLC%d:	882	..\country\spa\icla.msg
app.msg	1	PLC%d:	883	..\country\spa\icla.msg
app.msg	1	PLC%d:	884	..\country\spa\icla.msg
app.msg	1	PLC%d:	885	..\country\spa\icla.msg
app.msg	1	PLC%d:	886	..\country\spa\icla.msg
app.msg	1	PLC%d:	887	..\country\spa\icla.msg
app.msg	1	PLC%d:	888	..\country\spa\icla.msg
app.msg	1	PLC%d:	889	..\country\spa\icla.msg
app.msg	1	PLC%d:	890	..\country\spa\icla.msg
app.msg	1	PLC%d:	891	..\country\spa\icla.msg
app.msg	1	PLC%d:	892	..\country\spa\icla.msg
AppCTC.msg	1	PLC%d:	0	?
AppCTC.msg	1	PLC%d:	1	
AppCTC.msg	1	PLC%d:	3	AXIS DRIVES FAILURE
AppCTC.msg	1	PLC%d:	4	DC POWER FAILURE
AppCTC.msg	1	PLC%d:	5	DRIVE TILTING AXIS FAILURE
AppCTC.msg	1	PLC%d:	6	
AppCTC.msg	1	PLC%d:	7	CN OVERHEATING
AppCTC.msg	1	PLC%d:	8	AIR PRESSURE TO LOW
AppCTC.msg	1	PLC%d:	9	
AppCTC.msg	1	PLC%d:	10	
AppCTC.msg	1	PLC%d:	11	BELT INVERTER FAILURE
AppCTC.msg	1	PLC%d:	12	INVERTER 1 FAILURE
AppCTC.msg	1	PLC%d:	13	INVERTER 2 FAILURE
AppCTC.msg	1	PLC%d:	14	INVERTER 3 FAILURE
AppCTC.msg	1	PLC%d:	15	INVERTER 4 FAILURE
AppCTC.msg	1	PLC%d:	17	AUX MOTOR BREAKERS OVERLOAD
AppCTC.msg	1	PLC%d:	18	
AppCTC.msg	1	PLC%d:	19	DRILLING BREAKERS OFF
AppCTC.msg	1	PLC%d:	20	BREAKERS INVERTER 1 OFF
AppCTC.msg	1	PLC%d:	21	BREAKERS INVERTER 2 OFF
AppCTC.msg	1	PLC%d:	22	BREAKERS INVERTER 3 OFF
AppCTC.msg	1	PLC%d:	23	BREAKERS INVERTER 4 OFF
AppCTC.msg	1	PLC%d:	24	
AppCTC.msg	1	PLC%d:	25	
AppCTC.msg	1	PLC%d:	26	BREAKER TOOL CHANGER OFF
AppCTC.msg	1	PLC%d:	27	HEAT PROBE SPINDLE 1
AppCTC.msg	1	PLC%d:	28	HEAT PROBE SPINDLE 2
AppCTC.msg	1	PLC%d:	29	HEAT PROBE SPINDLE 3
AppCTC.msg	1	PLC%d:	30	HEAT PROBE SPINDLE 4
AppCTC.msg	1	PLC%d:	32	
AppCTC.msg	1	PLC%d:	33	
AppCTC.msg	1	PLC%d:	34	EMERGENCY DOORS OPEN
AppCTC.msg	1	PLC%d:	35	EMERGENCY PROTECTIONS
AppCTC.msg	1	PLC%d:	36	EMERGENCY ANTICOLLISION HEADS
AppCTC.msg	1	PLC%d:	37	EMERGENCY VACUUM 1
AppCTC.msg	1	PLC%d:	38	EMERGENCY VACUUM 2
AppCTC.msg	1	PLC%d:	42	COOLER SPINDLE 1 NOT OK
AppCTC.msg	1	PLC%d:	43	COOLER SPINDLE 2 NOT OK
AppCTC.msg	1	PLC%d:	44	COOLER SPINDLE 3 NOT OK
AppCTC.msg	1	PLC%d:	45	COOLER SPINDLE 4 NOT OK
AppCTC.msg	1	PLC%d:	49	TOOL UNLOCK SPINDLE 1
AppCTC.msg	1	PLC%d:	50	TOOL UNLOCK SPINDLE 2
AppCTC.msg	1	PLC%d:	51	TOOL UNLOCK SPINDLE 3
AppCTC.msg	1	PLC%d:	52	TOOL UNLOCK SPINDLE 4
AppCTC.msg	1	PLC%d:	57	AXE 0 LIMIT SWITCH
AppCTC.msg	1	PLC%d:	58	AXE 1 LIMIT SWITCH
AppCTC.msg	1	PLC%d:	59	AXE 2 LIMIT SWITCH
AppCTC.msg	1	PLC%d:	60	AXE 3 LIMIT SWITCH
AppCTC.msg	1	PLC%d:	61	AXE 4 LIMIT SWITCH
AppCTC.msg	1	PLC%d:	62	AXE 5 LIMIT SWITCH
AppCTC.msg	1	PLC%d:	63	AXE 6 LIMIT SWITCH
AppCTC.msg	1	PLC%d:	64	AXE 7 LIMIT SWITCH
AppCTC.msg	1	PLC%d:	65	AXE 8 LIMIT SWITCH
AppCTC.msg	1	PLC%d:	73	MISSING POWER TO INPUT
AppCTC.msg	1	PLC%d:	74	MISSING POWER TO OUTPUT
AppCTC.msg	1	PLC%d:	77	RENISHAW FAILURE
AppCTC.msg	1	PLC%d:	78	AXIS LUBRICATION FAILURE
AppCTC.msg	1	PLC%d:	79	MISSING AIR LUBRICATION OIL
AppCTC.msg	1	PLC%d:	81	WAITING FOR UP/DOWN HEAD 1
AppCTC.msg	1	PLC%d:	82	WAITING FOR UP/DOWN HEAD 2
AppCTC.msg	1	PLC%d:	83	WAITING FOR UP/DOWN HEAD 3
AppCTC.msg	1	PLC%d:	84	WAITING FOR UP/DOWN HEAD 4
AppCTC.msg	1	PLC%d:	85	
AppCTC.msg	1	PLC%d:	89	WAITING SPINDLE 1 TO SPEED
AppCTC.msg	1	PLC%d:	90	WAITING SPINDLE 2 TO SPEED
AppCTC.msg	1	PLC%d:	91	WAITING SPINDLE 3 TO SPEED
AppCTC.msg	1	PLC%d:	92	WAITING SPINDLE 4 TO SPEED
AppCTC.msg	1	PLC%d:	97	WAITING UP/DOWN HOOD 1
AppCTC.msg	1	PLC%d:	98	WAITING UP/DOWN HOOD 2
AppCTC.msg	1	PLC%d:	99	WAITING UP/DOWN HOOD 3
AppCTC.msg	1	PLC%d:	100	WAITING UP/DOWN HOOD 4
AppCTC.msg	1	PLC%d:	102	
AppCTC.msg	1	PLC%d:	104	BRUSHLESS DRIVE NOT READY
AppCTC.msg	1	PLC%d:	106	LEFT SAFETY MAT OCCUPIED
AppCTC.msg	1	PLC%d:	107	RIGHT SAFETY MAT OCCUPIED
AppCTC.msg	1	PLC%d:	108	
AppCTC.msg	1	PLC%d:	110	AXE MOVEMENT NOT ALLOWED
AppCTC.msg	1	PLC%d:	111	PNEUMATIC MOVEMENT NOT ALLOWED
AppCTC.msg	1	PLC%d:	113	REMOTE CONTROL ON
AppCTC.msg	1	PLC%d:	114	WORKING WITH DOORS OPEN
AppCTC.msg	1	PLC%d:	115	RELEASE PIECE ON FIXED SHOULDER
AppCTC.msg	1	PLC%d:	116	RELEASE PIECE ON FIXED SHOULDER AND CONFIRM
AppCTC.msg	1	PLC%d:	117	RELEASE PIECE ON MOVABLE SHOULDER
AppCTC.msg	1	PLC%d:	118	RELEASE PIECE ON MOVABLE SHOULDER AND CONFIRM
AppCTC.msg	1	PLC%d:	120	WAITING VACUUM ON SHOULDER
AppCTC.msg	1	PLC%d:	121	TOOL CHANGER 1 IS NOT INSERTING THE TOOL
AppCTC.msg	1	PLC%d:	122	ERROR T PROGRAMMED TOOL CHANGER 1
AppCTC.msg	1	PLC%d:	123	SPINDLE 1 WITHOUT TOOL
AppCTC.msg	1	PLC%d:	124	ROTATION TURNTABLE 1 NOT ALLOWED
AppCTC.msg	1	PLC%d:	125	TOOL CHANGE 1 OUT OF FASE
AppCTC.msg	1	PLC%d:	126	NAME TOOL ON SPINDLE 1
AppCTC.msg	1	PLC%d:	127	TURNTABLE 1 OUT OF POSITION
AppCTC.msg	1	PLC%d:	129	TOOL CHANGER 2 NOT INSERTING TOOL
AppCTC.msg	1	PLC%d:	130	ERROR T PROGRAMMED TOOL CHANGER 2
AppCTC.msg	1	PLC%d:	131	SPINDLE 2 WITHOUT TOOL 
AppCTC.msg	1	PLC%d:	132	ROTATION TURNTABLE 2 NOT ALLOWED 
AppCTC.msg	1	PLC%d:	133	TOOL CHANGE 2 OUT OF FASE
AppCTC.msg	1	PLC%d:	134	NAME TOOL ON SPINDLE 2
AppCTC.msg	1	PLC%d:	135	TURNTABLE 2 OUT OF POSITION 
AppCTC.msg	1	PLC%d:	137	TOOL CHANGER 3 NOT INSERTING TOOL 
AppCTC.msg	1	PLC%d:	138	ERROR T PROGRAMMED TOOL CHANGER 3
AppCTC.msg	1	PLC%d:	139	SPINDLE 3 WITHOUT TOOL 
AppCTC.msg	1	PLC%d:	140	ROTATION TURNTABLE 3 NOT ALLOWED
AppCTC.msg	1	PLC%d:	141	TOOL CHANGE 3 OUT OF FASE 
AppCTC.msg	1	PLC%d:	142	NAME TOOL ON SPINDLE 3
AppCTC.msg	1	PLC%d:	143	TURNTABLE 3 OUT OF POSITION 
AppCTC.msg	1	PLC%d:	144	 
AppCTC.msg	1	PLC%d:	145	TOOL CHANGER 4 NOT INSERTING TOOL 
AppCTC.msg	1	PLC%d:	146	ERROR T PROGRAMMED TOOL CHANGER 4 
AppCTC.msg	1	PLC%d:	147	SPINDLE 4 WITHOUT TOOL 
AppCTC.msg	1	PLC%d:	148	ROTATION TURNTABLE 4 NOT ALLOWED 
AppCTC.msg	1	PLC%d:	149	TOOL CHANGE 4 OUT OF FASE 
AppCTC.msg	1	PLC%d:	150	NAME TOOL ON SPINDLE 4
AppCTC.msg	1	PLC%d:	151	TURNTABLE 4 OUT OF POSITION
AppCTC.msg	1	PLC%d:	153	WAITING FLOATING HEAD 1 IN POSITION
AppCTC.msg	1	PLC%d:	154	WAITING FLOATING HEAD 2 IN POSITION
AppCTC.msg	1	PLC%d:	155	WAITING FLOATING HEAD 3 IN POSITION
AppCTC.msg	1	PLC%d:	156	WAITING FLOATING HEAD 4 IN POSITION
AppCTC.msg	1	PLC%d:	159	STOPS ON TABLE UP POSITION
AppCTC.msg	1	PLC%d:	160	MACHINE TOOL OFF 
AppCTC.msg	1	PLC%d:	161	PROGRAM 1100 NOT READ
AppCTC.msg	1	PLC%d:	168	 
AppKVA2.msg	1	PLC%d:	0	 
AppKVA2.msg	1	PLC%d:	1	MANDRIL 1 NO BLOQUEADO
AppKVA2.msg	1	PLC%d:	2	MANDRIL 2 NO BLOQUEADO
AppKVA2.msg	1	PLC%d:	3	MANDRIL ADICIONAL NO BLOQUEADO
AppKVA2.msg	1	PLC%d:	4	ZONA DE COLISIÓN CON CAMBIO HERRAMIENTA EXTERNO
AppKVA2.msg	1	PLC%d:	5	ZONA DE COLISIÓN CON CAMBIO HERRAMIENTA LINEAL
AppKVA2.msg	1	PLC%d:	6	GRUPO EJES NO VÁLIDO
AppKVA2.msg	1	PLC%d:	7	INVERTER 1 NO OK
AppKVA2.msg	1	PLC%d:	8	INVERTER 2 NO OK
AppKVA2.msg	1	PLC%d:	9	INVERTER MANDRIL ADICIONAL NO OK
AppKVA2.msg	1	PLC%d:	10	 
AppKVA2.msg	1	PLC%d:	11	 
AppKVA2.msg	1	PLC%d:	12	 
AppKVA2.msg	1	PLC%d:	13	INTERVENCIÓN MAGNETOTÉRMICO RAPID
AppKVA2.msg	1	PLC%d:	14	INTERVENCIÓN MAGNETOTÉRMICOS
AppKVA2.msg	1	PLC%d:	15	PUERTAS PROTECCIÓN ABIERTAS
AppKVA2.msg	1	PLC%d:	16	 
AppKVA2.msg	1	PLC%d:	17	 
AppKVA2.msg	1	PLC%d:	18	 
AppKVA2.msg	1	PLC%d:	19	TALADRADORA NO EN POSICIÓN
AppKVA2.msg	1	PLC%d:	20	CROSS-LASER HABILITADO
AppKVA2.msg	1	PLC%d:	21	M00 ACTIVO: INICIO CICLO
AppKVA2.msg	1	PLC%d:	22	 
AppKVA2.msg	1	PLC%d:	23	ACCIONAMIENTOS EJES XYZ... NO OK
AppKVA2.msg	1	PLC%d:	24	ACCIONAMIENTOS EJES ROTATORIOS NO OK
AppKVA2.msg	1	PLC%d:	25	CNC NO OK
AppKVA2.msg	1	PLC%d:	26	PRESÓSTATO AIRE INTERVENIDO
AppKVA2.msg	1	PLC%d:	27	BATERIA CNC NO CARGADA
AppKVA2.msg	1	PLC%d:	28	 
AppKVA2.msg	1	PLC%d:	29	 
AppKVA2.msg	1	PLC%d:	30	HABILITACIÓN BL/SBL HERRAMIENTA MANDRIL 1
AppKVA2.msg	1	PLC%d:	31	HABILITACIÓN BL/SBL HERRAMIENTA MANDRIL 2
AppKVA2.msg	1	PLC%d:	32	HABILITACIÓN BL/SBL HERRAMIENTA MANDRIL ADICIONAL
AppKVA2.msg	1	PLC%d:	33	 
AppKVA2.msg	1	PLC%d:	34	 
AppKVA2.msg	1	PLC%d:	35	 
AppKVA2.msg	1	PLC%d:	36	 
AppKVA2.msg	1	PLC%d:	37	SONDA TÉRMICA/VENTILADOR MANDRIL 1
AppKVA2.msg	1	PLC%d:	38	SONDA TÉRMICA/VENTILADOR MANDRIL 2
AppKVA2.msg	1	PLC%d:	39	SONDA TÉRMICA/VENTILADOR MANDRIL ADICIONAL
AppKVA2.msg	1	PLC%d:	40	 
AppKVA2.msg	1	PLC%d:	41	RECARGAR BOMBA LUBRICACIÓN
AppKVA2.msg	1	PLC%d:	42	LUBRICACIÓN EJES NO OK
AppKVA2.msg	1	PLC%d:	43	LUBRICACIÓN EJES EN CURSO
AppKVA2.msg	1	PLC%d:	44	PETICIÓN VACÍO/EQUIPAMIENTO
AppKVA2.msg	1	PLC%d:	45	EMERGENCIA CAUSA VACÍO ZONA 1
AppKVA2.msg	1	PLC%d:	46	EMERGENCIA CAUSA VACÍO ZONA 2
AppKVA2.msg	1	PLC%d:	47	EJES EN FINAL DE CARRERA
AppKVA2.msg	1	PLC%d:	48	CAMPANA EXTERNA NO EN POSICIÓN
AppKVA2.msg	1	PLC%d:	49	CAMPANA INTERNA NO EN POSICIÓN
AppKVA2.msg	1	PLC%d:	50	CAMPANA LIMPIEZA MESA NO EN POSICIÓN
AppKVA2.msg	1	PLC%d:	51	 
AppKVA2.msg	1	PLC%d:	52	 
AppKVA2.msg	1	PLC%d:	53	 
AppKVA2.msg	1	PLC%d:	54	EJECUTAR REFERENCIA ALMACÉN HERRAMIENTA 1
AppKVA2.msg	1	PLC%d:	55	EJECUTAR REFERENCIA ALMACÉN HERRAMIENTA 2
AppKVA2.msg	1	PLC%d:	56	EJECUTAR REFERENCIA ALMACÉN HERRAMIENTA MANDRIL ADICIONAL
AppKVA2.msg	1	PLC%d:	57	EJECUTAR REFERENCIA ALMACÉN EXTERNO 1
AppKVA2.msg	1	PLC%d:	58	EJECUTAR REFERENCIA LANZADERA HS
AppKVA2.msg	1	PLC%d:	59	RENISHAW NO OK
AppKVA2.msg	1	PLC%d:	60	TRANSPORTADOR VIRUTAS NO OK
AppKVA2.msg	1	PLC%d:	61	DEPÓSITO LUBRICACIÓN TRANSPORTADOR VIRUTAS VACÍO 
AppKVA2.msg	1	PLC%d:	62	EJE X EN FINAL DE CARRERA
AppKVA2.msg	1	PLC%d:	63	EJE Y EN FINAL DE CARRERA
AppKVA2.msg	1	PLC%d:	64	EJE Z EN FINAL DE CARRERA
AppKVA2.msg	1	PLC%d:	65	 
AppKVA2.msg	1	PLC%d:	66	ALINEACIÓN EJES GANTRY EN CURSO
AppKVA2.msg	1	PLC%d:	67	EJE B EN FINAL DE CARRERA
AppKVA2.msg	1	PLC%d:	68	EJE C EN FINAL DE CARRERA
AppKVA2.msg	1	PLC%d:	69	 
AppKVA2.msg	1	PLC%d:	70	 
AppKVA2.msg	1	PLC%d:	71	 
AppKVA2.msg	1	PLC%d:	72	FOTOCÉLULA PRESENCIA HERRAMIENTA
AppKVA2.msg	1	PLC%d:	73	MANDRIL 1 NO OK
AppKVA2.msg	1	PLC%d:	74	MANDRIL 2 NO OK
AppKVA2.msg	1	PLC%d:	75	MANDRIL ADICIONAL NO OK
AppKVA2.msg	1	PLC%d:	76	FOTOCÉLULA PRESENCIA HERRAMIENTA (CADENA)
AppKVA2.msg	1	PLC%d:	77	ALARMA SENSOR ROTACIÓN MANDRIL 1
AppKVA2.msg	1	PLC%d:	78	ALARMA SENSOR ROTACIÓN MANDRIL 2
AppKVA2.msg	1	PLC%d:	79	ALARMA SENSOR ROTACIÓN MANDRIL ADICIONAL
AppKVA2.msg	1	PLC%d:	80	C.HERRAMIENTA CABEZA 1 NO EN POSICIÓN
AppKVA2.msg	1	PLC%d:	81	C.HERRAMIENTA MANDRIL ADICIONAL NO EN POSICIÓN
AppKVA2.msg	1	PLC%d:	82	C.HERRAMIENTA CABEZA 2 NO EN POSICIÓN
AppKVA2.msg	1	PLC%d:	83	C.HERRAMIENTA HS NO EN POSICIÓN
AppKVA2.msg	1	PLC%d:	84	 
AppKVA2.msg	1	PLC%d:	85	 
AppKVA2.msg	1	PLC%d:	86	 
AppKVA2.msg	1	PLC%d:	87	 
AppKVA2.msg	1	PLC%d:	88	 
AppKVA2.msg	1	PLC%d:	89	CINTA NO EN POSICIÓN
AppKVA2.msg	1	PLC%d:	90	 
AppKVA2.msg	1	PLC%d:	91	DESCARGADOR NO EN POSICIÓN
AppKVA2.msg	1	PLC%d:	92	BARANDILLAS/TOPES DE DESCARGA NO EN POSICIÓN
AppKVA2.msg	1	PLC%d:	93	ZONA DE DESCARGA OCUPADA
AppKVA2.msg	1	PLC%d:	94	COMPROBAR DIMENSIONES PILA
AppKVA2.msg	1	PLC%d:	95	CARGAR NUEVA PILA
AppKVA2.msg	1	PLC%d:	96	CARGADOR NO EN POSICIÓN
AppKVA2.msg	1	PLC%d:	97	MESA ELEVADOR NO OK
AppKVA2.msg	1	PLC%d:	98	TABLERO NO TOMADO DESDE MESA ELEVADOR
AppKVA2.msg	1	PLC%d:	99	FOTOCÉLULA REFERENCIA TABLERO NO OK
AppKVA2.msg	1	PLC%d:	100	ERROR PROTOCOLO CANOPEN
AppKVA2.msg	1	PLC%d:	101	REFRIGERANTE MANDRIL 1 NO OK
AppKVA2.msg	1	PLC%d:	102	REFRIGERANTE MANDRIL 2 NO OK
AppKVA2.msg	1	PLC%d:	103	 
AppKVA2.msg	1	PLC%d:	104	ZONA DE SEGURIDAD INFRINGIDA ZONA 1
AppKVA2.msg	1	PLC%d:	105	ZONA DE SEGURIDAD INFRINGIDA ZONA 2
AppKVA2.msg	1	PLC%d:	106	 
AppKVA2.msg	1	PLC%d:	107	BYPASS COLISIONES ACTIVO
AppKVA2.msg	1	PLC%d:	108	INTERVENCIÓN FOTOCÉLULAS
AppKVA2.msg	1	PLC%d:	109	CONTROL FUNCIONAMIENTO SEGURIDADES
AppKVA2.msg	1	PLC%d:	110	BARRERA FOTOCÉLULAS INFRINGIDA
AppKVA2.msg	1	PLC%d:	111	INSERCIÓN HERRAMIENTA NO OK
AppKVA2.msg	1	PLC%d:	112	AVERÍA MICRO CONTROL ZONAS DE SEGURIDAD
AppKVA2.msg	1	PLC%d:	113	 
AppKVA2.msg	1	PLC%d:	114	TABLA NO ACTUALIZADA
AppKVA2.msg	1	PLC%d:	115	MANDRIL 1 NO DESBLOQUEADO
AppKVA2.msg	1	PLC%d:	116	MANDRIL ADICIONAL NO DESBLOQUEADO
AppKVA2.msg	1	PLC%d:	117	 
AppKVA2.msg	1	PLC%d:	118	 
AppKVA2.msg	1	PLC%d:	119	 
AppKVA2.msg	1	PLC%d:	120	HERRAMIENTA ESPECIAL: OPERACIÓN NO ADMITIDA
AppKVA2.msg	1	PLC%d:	121	 
AppKVA2.msg	1	PLC%d:	122	ALMACÉN HERRAMIENTA EXTERNO 1 NO EN POSICIÓN
AppKVA2.msg	1	PLC%d:	123	PUERTA ALMACÉN EXTERNO NO EN POSICIÓN
AppKVA2.msg	1	PLC%d:	124	ERRÓNEA PROGRAMACIÓN
AppKVA2.msg	1	PLC%d:	125	ERROR HERRAMIENTA CABEZA 1
AppKVA2.msg	1	PLC%d:	126	ERROR HERRAMIENTA CABEZA 2
AppKVA2.msg	1	PLC%d:	127	TIEMPO LÍMITE SERIAL
AppKVA2.msg	1	PLC%d:	128	TIEMPO LÍMITE PIÑA MÓVIL
AppKVA2.msg	1	PLC%d:	129	ESTACIONAMIENTO GRUPOS – FOTOCÉLULAS INHABILITADAS
AppKVA2.msg	1	PLC%d:	130	PUERTAS ARMARIO ELÉCTRICO ABIERTO
AppKVA2.msg	1	PLC%d:	131	EJECUTAR MANTENIMIENTO ACONDICIONADOR ARMARIO ELÉCTRICO
AppKVA2.msg	1	PLC%d:	132	AGREGADO PRENSOR/TRANSPORTADOR VIRUTAS NO OK
AppKVA2.msg	1	PLC%d:	133	DEPÓSITO LUBRICA-REFRIGERADOR HERRAMIENTA VACÍO
AppKVA2.msg	1	PLC%d:	134	 
AppKVA2.msg	1	PLC%d:	135	DETECTOR GROSOR PIEZA NO EN POSICIÓN
AppKVA2.msg	1	PLC%d:	136	CICLO PALPADO NO OK
AppKVA2.msg	1	PLC%d:	137	TOPES REFERENCIA ZONA 1 NO OK
AppKVA2.msg	1	PLC%d:	138	TOPES REFERENCIA ZONA 2 NO OK
AppKVA2.msg	1	PLC%d:	139	EJES PRISMA BC NO EN POSICIÓN
AppKVA2.msg	1	PLC%d:	140	ACCIONAMIENTOS EJES PRISMA NO OK
AppKVA2.msg	1	PLC%d:	141	 
AppKVA2.msg	1	PLC%d:	142	ALMACÉN LINEAL NO EN POSICIÓN
AppKVA2.msg	1	PLC%d:	143	PUERTA ALMACÉN LINEAL NO EN POSICIÓN
AppKVA2.msg	1	PLC%d:	144	 
AppKVA2.msg	1	PLC%d:	145	REENGANCHE MANDRIL EN CURSO
AppKVA2.msg	1	PLC%d:	146	REENGANCHE MANDRIL FRACASADO
AppKVA2.msg	1	PLC%d:	147	REENGANCHE MANDRIL REALIZADO
AppKVA2.msg	1	PLC%d:	148	INTERVENCIÓN CABLE DE SEGURIDAD
AppKVA2.msg	1	PLC%d:	149	INTERVENCIÓN OVERSPEED EJES
AppKVA2.msg	1	PLC%d:	150	INTERVENCIÓN BUMPERS
AppKVA2.msg	1	PLC%d:	151	MÁQUINA APAGADA
AppKVA2.msg	1	PLC%d:	152	EMERGENCIA PULSADA
AppKVA2.msg	1	PLC%d:	153	PM: SETUP NO POSIBLE ZONA 1 [Vacío ON/Cabezas DW]
AppKVA2.msg	1	PLC%d:	154	PM: SETUP NO POSIBLE ZONA 2 [Vacío ON/Cabezas DW]
AppKVA2.msg	1	PLC%d:	155	BARRA MÓVIL CENTRAL 1 NO EN POSICIÓN
AppKVA2.msg	1	PLC%d:	156	BARRA MÓVIL CENTRAL 2 NO EN POSICIÓN
AppKVA2.msg	1	PLC%d:	157	PM: COLISIÓN TOPES-SOPORTES VENTOSAS/BORNES
AppKVA2.msg	1	PLC%d:	158	CAMPANA MANDRIL ADICIONAL NO EN POSICIÓN
AppKVA2.msg	1	PLC%d:	159	CABEZA GRUPO MANDRIL ADICIONAL NO EN POSICIÓN
AppKVA2.msg	1	PLC%d:	160	CABEZA GRUPO HOJA NO EN POSICIÓN
AppKVA2.msg	1	PLC%d:	161	CICLO DE CARGA EN CURSO
AppKVA2.msg	1	PLC%d:	162	CICLO DE DESCARGA EN CURSO
AppKVA2.msg	1	PLC%d:	163	TOPES DE CARGA NO EN POSICIÓN
AppKVA2.msg	1	PLC%d:	164	 
AppKVA2.msg	1	PLC%d:	165	INVERTER GUASTO POMPA VUOTO 1 (MASTER) 
AppKVA2.msg	1	PLC%d:	166	INVERTER GUASTO POMPA VUOTO 2 (SLAVE) 
AppKVA2.msg	1	PLC%d:	167	 
AppKVA2.msg	1	PLC%d:	168	 
AppKVA2.msg	1	PLC%d:	169	TRAVERSA 1 NON IN POSIZIONE
AppKVA2.msg	1	PLC%d:	170	TRAVERSA 2 NON IN POSIZIONE
AppKVA2.msg	1	PLC%d:	171	TRAVERSA 3 NON IN POSIZIONE
AppKVA2.msg	1	PLC%d:	172	TRAVERSA 4 NON IN POSIZIONE
AppKVA2.msg	1	PLC%d:	173	TRAVERSA 5 NON IN POSIZIONE
AppKVA2.msg	1	PLC%d:	174	TRAVERSA 6 NON IN POSIZIONE
AppKVA2.msg	1	PLC%d:	175	TRAVERSA 7 NON IN POSIZIONE
AppKVA2.msg	1	PLC%d:	176	TRAVERSA 8 NON IN POSIZIONE
AppKVA2.msg	1	PLC%d:	177	TRAVERSA 9 NON IN POSIZIONE
AppKVA2.msg	1	PLC%d:	178	TRAVERSA 10 NON IN POSIZIONE
AppKVA2.msg	1	PLC%d:	179	TRAVERSA 11 NON IN POSIZIONE
AppKVA2.msg	1	PLC%d:	180	TRAVERSA 12 NON IN POSIZIONE
AppKVA2.msg	1	PLC%d:	181	SOSTITUZIONE VENTOSE IN CORSO AREA 1 
AppKVA2.msg	1	PLC%d:	182	SOSTITUZIONE VENTOSE IN CORSO AREA 2 
AppKVA2.msg	1	PLC%d:	183	BATTUTE RIFERIMENTO ZONA 3 NON OK
AppKVA2.msg	1	PLC%d:	184	BATTUTE RIFERIMENTO ZONA 4 NON OK
AppKVA2.msg	1	PLC%d:	185	[BRC] GR5: GRUPPO FUSI ORIZZONTALI NON IN POSIZIONE(fori Spine)
@186,
AppKVA2.msg	1	PLC%d:	187	[BRC] GR7: GRUPPO FRESA ORIZZONTALE NON IN POSIZIONE 
@188,
AppKVA2.msg	1	PLC%d:	189	[BRC] ATTESA INNESTO PER ROTAZIONE GRUPPO LAMA   
@190,
AppKVA2.msg	1	PLC%d:	191	BATTUTE RIFERIMENTO BARRA 1 NON OK 
AppKVA2.msg	1	PLC%d:	192	BATTUTE RIFERIMENTO BARRA 2 NON OK 
AppKVA2.msg	1	PLC%d:	193	BATTUTE RIFERIMENTO BARRA 3 NON OK 
AppKVA2.msg	1	PLC%d:	194	BATTUTE RIFERIMENTO BARRA 4 NON OK 
AppKVA2.msg	1	PLC%d:	195	BATTUTE RIFERIMENTO BARRA 5 NON OK 
AppKVA2.msg	1	PLC%d:	196	BATTUTE RIFERIMENTO BARRA 6 NON OK 
AppKVA2.msg	1	PLC%d:	197	BATTUTE RIFERIMENTO BARRA 7 NON OK 
AppKVA2.msg	1	PLC%d:	198	BATTUTE RIFERIMENTO BARRA 8 NON OK 
AppKVA2.msg	1	PLC%d:	199	BATTUTE RIFERIMENTO BARRA 9 NON OK 
AppKVA2.msg	1	PLC%d:	200	BATTUTE RIFERIMENTO BARRA 10 NON OK 
AppKVA2.msg	1	PLC%d:	201	BATTUTE RIFERIMENTO BARRA 11 NON OK 
AppKVA2.msg	1	PLC%d:	202	BATTUTE RIFERIMENTO BARRA 12 NON OK 
AppKVA2.msg	1	PLC%d:	203	BATTUTE RIFERIMENTO BARRA FISSA SX NON OK
AppKVA2.msg	1	PLC%d:	204	BATTUTE RIFERIMENTO BARRA FISSA DX NON OK
cnc.msg	2	CN%d:	0	?
cnc.msg	2	CN%d:	1	Espera carácter[
cnc.msg	2	CN%d:	2	Número registro Erróneo
cnc.msg	2	CN%d:	3	Función no válida
cnc.msg	2	CN%d:	4	Paramétrica: carácter no válido
cnc.msg	2	CN%d:	5	IF: Espera carácter =
cnc.msg	2	CN%d:	6	JSR: Nivel Anidamiento Subrutina Erróneo
cnc.msg	2	CN%d:	7	RET: Anidamiento Subrutina Erróneo
cnc.msg	2	CN%d:	8	Función no disponible
cnc.msg	2	CN%d:	9	Demasiadas funciones M consecutivas
cnc.msg	2	CN%d:	10	Radio sin G2/G3
cnc.msg	2	CN%d:	11	Radio Inconsistente
cnc.msg	2	CN%d:	12	Error inicialización canal
cnc.msg	2	CN%d:	13	Canal en bloqueo
cnc.msg	2	CN%d:	14	Ciclo Fijo inexistente
cnc.msg	2	CN%d:	15	Demasiados niveles de paréntesis (
cnc.msg	2	CN%d:	16	Asignación = espera carácter =
cnc.msg	2	CN%d:	17	Espera carácter CR
cnc.msg	2	CN%d:	18	Modo operativo modificado
cnc.msg	2	CN%d:	19	JMP: Número Bloque no hallado
cnc.msg	2	CN%d:	20	Programa no hallado
cnc.msg	2	CN%d:	21	Error de procedimiento externo
cnc.msg	2	CN%d:	22	Cuota Excede Límite
cnc.msg	2	CN%d:	23	Eje no configurado
cnc.msg	2	CN%d:	24	Mandril no configurado
cnc.msg	2	CN%d:	25	Plano Seleccionado Erróneo
cnc.msg	2	CN%d:	26	Eje no Disponible
cnc.msg	2	CN%d:	27	Paso Aterrajado Nulo
cnc.msg	2	CN%d:	28	Eje en Alarma
cnc.msg	2	CN%d:	29	Feed nula
cnc.msg	2	CN%d:	30	Radio Herramienta Nulo
cnc.msg	2	CN%d:	31	Símbolo % no hallado
cnc.msg	2	CN%d:	32	Cambio Plano o Lado con CORTE (CUT) Activo
cnc.msg	2	CN%d:	33	Mandril sin Codificador
cnc.msg	2	CN%d:	34	Dirección sin número
cnc.msg	2	CN%d:	35	SQRT: Argumento negativo
cnc.msg	2	CN%d:	36	TAN: Valor Infinito
cnc.msg	2	CN%d:	37	ASIN, ACOS: Argumento fuera del rango
cnc.msg	2	CN%d:	38	División por cero
cnc.msg	2	CN%d:	39	Dirección no usada
cnc.msg	2	CN%d:	40	Número sin dirección
cnc.msg	2	CN%d:	41	Parámetro en dirección G
cnc.msg	2	CN%d:	42	Programa sin M2-M30
cnc.msg	2	CN%d:	43	Interpolación con ejes incompatibles
cnc.msg	2	CN%d:	44	Velocidad mandril demasiado elevada
cnc.msg	2	CN%d:	45	Vel. eje Z > Vel Max Canal
cnc.msg	2	CN%d:	46	Corrección torno G18
cnc.msg	2	CN%d:	47	Tipo Geometría Herramienta no controlada
cnc.msg	2	CN%d:	48	Final Transmisión Agotado
cnc.msg	2	CN%d:	49	Final Paquetes Libres Agotado
cnc.msg	2	CN%d:	50	Radio perfil menor Radio Herramienta
cnc.msg	2	CN%d:	51	Punto Final Arco inconsistente
cnc.msg	2	CN%d:	52	No es posible efectuar el Recorrido
cnc.msg	2	CN%d:	53	Segmento nulo
cnc.msg	2	CN%d:	54	Angulo nulo
cnc.msg	2	CN%d:	55	Operación ilegal
cnc.msg	2	CN%d:	56	Intersección entre segmentos o arcos
cnc.msg	2	CN%d:	57	Unión Perfil no permitida: usar G0
cnc.msg	2	CN%d:	58	Corte Superpuesto en Segmento Lineal
cnc.msg	2	CN%d:	59	Corte Superpuesto en Arco de Circunferencia
cnc.msg	2	CN%d:	60	Espera Carácter ]
cnc.msg	2	CN%d:	61	Valor demasiado elevado
cnc.msg	2	CN%d:	62	Error acceso archivo
cnc.msg	2	CN%d:	63	Descriptor Herramienta Erróneo
cnc.msg	2	CN%d:	64	Demasiados parámetros
cnc.msg	2	CN%d:	65	Demasiados caracteres en los campos cadena
cnc.msg	2	CN%d:	66	Espera objeto después de ^
cnc.msg	2	CN%d:	67	Asignación en registro inexistente
cnc.msg	2	CN%d:	68	Argumento inexistente
cnc.msg	2	CN%d:	69	Código SPC no reconocido
cnc.msg	2	CN%d:	70	Violación semántica bloque APND
cnc.msg	2	CN%d:	71	Para las explicaciones ver el Manual
cnc.msg	2	CN%d:	72	CFC: Subrutina no halada
cnc.msg	2	CN%d:	73	CFC: Parámetros erróneos
cnc.msg	2	CN%d:	74	CFC: Error de gestión recursos
cnc.msg	2	CN%d:	75	CFC: Ningún recurso
cnc.msg	2	CN%d:	76	CFC: Error de cierre
cnc.msg	2	CN%d:	77	CFC: No especificado
cnc.msg	2	CN%d:	78	CFC: <DEBUG 1>
cnc.msg	2	CN%d:	79	CFC: (Para las explicaciones ver el Manual)
cnc.msg	2	CN%d:	80	CFC: Tarea ejecutada correctamente
cnc.msg	2	CN%d:	81	CVB: Código operativo desconocido
cnc.msg	2	CN%d:	82	CVB: Error de gestión recursos
cnc.msg	2	CN%d:	83	CVB: Ningún recurso
cnc.msg	2	CN%d:	84	CVB: Error de cierre
cnc.msg	2	CN%d:	85	CVB: Pipe interrumpida
cnc.msg	2	CN%d:	86	CVB: Restaurado desde bloqueo/Fin archivo inesperado
cnc.msg	2	CN%d:	87	CVB: No especificado
cnc.msg	2	CN%d:	88	CVB: <DEBUG 1>
cnc.msg	2	CN%d:	89	CVB: (Para las explicaciones ver el Manual)
cnc.msg	2	CN%d:	90	CVB: Tarea ejecutada correctamente
cnc.msg	2	CN%d:	93	APIO: Ningún recurso
cnc.msg	2	CN%d:	94	APIO: Error de cierre
cnc.msg	2	CN%d:	95	APIO: No especificado
cnc.msg	2	CN%d:	96	APIO: <DEBUG 1>
cnc.msg	2	CN%d:	97	APIO: (Para las explicaciones ver el Manual)
cnc.msg	2	CN%d:	98	APIO: Tarea ejecutada correctamente
cnc.msg	2	CN%d:	99	XCL: Código operativo desconocido
cnc.msg	2	CN%d:	100	XCL: Error de gestión recursos
cnc.msg	2	CN%d:	101	XCL: Ningún recurso
cnc.msg	2	CN%d:	102	XCL: Error de cierre
cnc.msg	2	CN%d:	103	XCL: Pipe interrumpida
cnc.msg	2	CN%d:	104	XCL: Restaurado desde bloqueo/Fin archivo inesperado
cnc.msg	2	CN%d:	105	XCL: No especificado
cnc.msg	2	CN%d:	106	XCL: <DEBUG 1>
cnc.msg	2	CN%d:	107	XCL: (Para las explicaciones ver el Manual)
cnc.msg	2	CN%d:	108	XCL: Trabajo efectuado correctamente
cnc.msg	2	CN%d:	109	XAM: Código operativo desconocido
cnc.msg	2	CN%d:	110	XAM: Error de gestión recursos
cnc.msg	2	CN%d:	111	XAM: Ningún recurso
cnc.msg	2	CN%d:	112	XAM: Error de cierre
cnc.msg	2	CN%d:	113	XAM: Pipe interrumpida
cnc.msg	2	CN%d:	114	XAM: Restaurado desde bloqueo/Fin archivo inesperado
cnc.msg	2	CN%d:	115	XAM: No especificado
cnc.msg	2	CN%d:	116	XAM: <DEBUG 1>
cnc.msg	2	CN%d:	117	XAM: (Para las explicaciones ver el Manual)
cnc.msg	2	CN%d:	118	XAM: Tarea ejecutada correctamente
cnc.msg	2	CN%d:	119	RETR: Código operativo desconocido
cnc.msg	2	CN%d:	120	RETR: Error de gestión recursos
cnc.msg	2	CN%d:	121	RETR: Ningún recurso
cnc.msg	2	CN%d:	122	RETR: Error de cierre
cnc.msg	2	CN%d:	123	RETR: Pipe interrumpida
cnc.msg	2	CN%d:	124	RETR: Restaurado desde bloqueo/Fin archivo inesperado
cnc.msg	2	CN%d:	125	RETR: No especificado
cnc.msg	2	CN%d:	126	RETR: <DEBUG 1>
cnc.msg	2	CN%d:	127	RETR: (Para las explicaciones ver el Manual)
cnc.msg	2	CN%d:	128	RETR: Tarea ejecutada correctamente
cnc.msg	2	CN%d:	129	PG2: Código operativo desconocido
cnc.msg	2	CN%d:	130	PG2: Error de gestión recursos
cnc.msg	2	CN%d:	131	PG2: Ningún recurso
cnc.msg	2	CN%d:	132	PG2: Error de cierre
cnc.msg	2	CN%d:	133	PG2: Pipe interrumpida
cnc.msg	2	CN%d:	134	PG2: Restaurado desde bloqueo/Fin archivo inesperado
cnc.msg	2	CN%d:	135	PG2: No especificado
cnc.msg	2	CN%d:	136	PG2: <DEBUG 1>
cnc.msg	2	CN%d:	137	PG2: (Para las explicaciones ver el Manual)
cnc.msg	2	CN%d:	138	PG2: Tarea ejecutada correctamente
cnc.msg	2	CN%d:	139	WARP: Código operativo desconocido
cnc.msg	2	CN%d:	140	WARP: Error de gestión recursos
cnc.msg	2	CN%d:	141	WARP: Ningún recurso
cnc.msg	2	CN%d:	142	WARP: Error de cierre
cnc.msg	2	CN%d:	143	WARP: Pipe interrumpida
cnc.msg	2	CN%d:	144	WARP: Restaurado desde bloqueo/Fin archivo inesperado
cnc.msg	2	CN%d:	145	WARP: No especificado
cnc.msg	2	CN%d:	146	WARP: <DEBUG 1>
cnc.msg	2	CN%d:	147	WARP: (Para las explicaciones ver el Manual)
cnc.msg	2	CN%d:	148	WARP: Tarea ejecutada correctamente
cnc.msg	2	CN%d:	149	PAG: Código operativo desconocido
cnc.msg	2	CN%d:	150	PAG: Error de gestión recursos
cnc.msg	2	CN%d:	151	PAG: Ningún recurso
cnc.msg	2	CN%d:	152	PAG: Error de cierre
cnc.msg	2	CN%d:	153	PAG: Pipe interrumpida
cnc.msg	2	CN%d:	154	PAG: Restaurado desde bloqueo/Fin archivo inesperado
cnc.msg	2	CN%d:	155	PAG: No especificado
cnc.msg	2	CN%d:	156	PAG: <DEBUG 1>
cnc.msg	2	CN%d:	157	PAG: (Para las explicaciones ver el Manual)
cnc.msg	2	CN%d:	158	PAG: Tarea ejecutada correctamente
cnc.msg	2	CN%d:	159	Código de error desconocido
cnc.msg	2	CN%d:	160	Eje X Cuota Excede Límite
cnc.msg	2	CN%d:	161	Eje Y Cuota Excede Límite
cnc.msg	2	CN%d:	162	Eje Z Cuota Excede Límite
cnc.msg	2	CN%d:	163	Eje U Cuota Excede Límite
cnc.msg	2	CN%d:	164	Eje V Cuota Excede Límite
cnc.msg	2	CN%d:	165	Eje W Cuota Excede Límite
cnc.msg	2	CN%d:	166	Eje A Cuota Excede Límite
cnc.msg	2	CN%d:	167	Eje B Cuota Excede Límite
cnc.msg	2	CN%d:	168	Eje C Cuota Excede Límite
cnc.msg	2	CN%d:	170	Error definición variable record [símbolo]
cnc.msg	2	CN%d:	171	Error asignación variable record [símbolo]
cnc.msg	2	CN%d:	172	Error definición variable record [var defcn]
cnc.msg	2	CN%d:	173	Error asignación variable record [var defcn]
cnc.msg	2	CN%d:	174	Error definición variable record [INPUT]
cnc.msg	2	CN%d:	175	Imposible asignar registro de input
cnc.msg	2	CN%d:	176	Error definición variable record [OUT]
cnc.msg	2	CN%d:	177	Error asignación variable record [OUT]
cnc.msg	2	CN%d:	178	Error definición variable record [registro lógico]
cnc.msg	2	CN%d:	179	Error definición variable record [variable automática]
cnc.msg	2	CN%d:	180	Espera valor a asignar a variable record
cnc.msg	2	CN%d:	181	Matriz (array)supera el máximo consentido
cnc.msg	2	CN%d:	182	Símbolo ya definido
cnc.msg	2	CN%d:	183	Imposible inicializar los Array
cnc.msg	2	CN%d:	184	Error inicialización variable
cnc.msg	2	CN%d:	185	Error sintáctico definición paramétrica
cnc.msg	2	CN%d:	186	Tipo de dato incompatible
cnc.msg	2	CN%d:	187	Imposible definir otros símbolos
cnc.msg	2	CN%d:	188	Símbolo no definido
cnc.msg	2	CN%d:	189	Error asignación cadena
cnc.msg	2	CN%d:	190	Error asignación numérica
cnc.msg	2	CN%d:	191	Símbolo inexistente
cnc.msg	2	CN%d:	192	Error definición variable record [registro lógico]
cnc.msg	2	CN%d:	193	Espera símbolo paramétrica
cnc.msg	2	CN%d:	194	Error acceso registro en defcn
cnc.msg	2	CN%d:	195	Superado número máximo de variables simbólicas
cnc.msg	2	CN%d:	197	Out of memory/Memory not awarded
cnc.msg	2	CN%d:	199	Error de inicialización
cnc.msg	2	CN%d:	200	<DEBUG: TCO: Unknown opcode>
cnc.msg	2	CN%d:	201	<DEBUG: TCO: Error negotiating resources>
cnc.msg	2	CN%d:	202	<DEBUG: TCO: No resources>
cnc.msg	2	CN%d:	203	<DEBUG: TCO: Shutdown error>
cnc.msg	2	CN%d:	204	<DEBUG: TCO: Broken pipe>
cnc.msg	2	CN%d:	205	<DEBUG: TCO: Rescued from deadlock/UnXpected EOF>
cnc.msg	2	CN%d:	206	<DEBUG: TCO: Unspecified>
cnc.msg	2	CN%d:	207	<DEBUG: TCO: <DEBUG: should have used GetExtErr() to get extended error info>>
cnc.msg	2	CN%d:	208	<DEBUG: TCO: (See Manual for explanation)>
cnc.msg	2	CN%d:	209	<DEBUG: TCO: Task accomplished successfully>
cnc.msg	2	CN%d:	210	XCL: Violación Semántica Bloque APND
cnc.msg	2	CN%d:	211	XAM: Violación Semántica Bloque APND
cnc.msg	2	CN%d:	212	<DEBUG: PMI: Invalid op-code>
cnc.msg	2	CN%d:	213	<DEBUG: PMI: Bad I/O Vector Parameters>
cnc.msg	2	CN%d:	214	<DEBUG: PMI: Terminate Signal Received>
cnc.msg	2	CN%d:	215	<DEBUG: PMI: Init error>
cnc.msg	2	CN%d:	216	<DEBUG: PMI: Shutdown error>
cnc.msg	2	CN%d:	217	<DEBUG: PMI: Unspecified>
cnc.msg	2	CN%d:	218	<DEBUG: PMI: (See Manual for explanation)>
cnc.msg	2	CN%d:	219	<DEBUG: PMI: Task accomplished successfully>
cnc.msg	2	CN%d:	220	Datos Filo Cortante no hallados
cnc.msg	2	CN%d:	221	Cinemática no soportada
cnc.msg	2	CN%d:	222	Error orientación entidad TWI
cnc.msg	2	CN%d:	223	Orientación herramienta no definida
cnc.msg	2	CN%d:	224	TCP no hallado
cnc.msg	2	CN%d:	225	Transformación THD no soportada
cnc.msg	2	CN%d:	226	Imposible seleccionar filo cortante, IJK ausentes
cnc.msg	2	CN%d:	227	Violación filo cortante
cnc.msg	2	CN%d:	228	XCL: Ver manual
cnc.msg	2	CN%d:	229	Tool orientation violates constraints
cnc.msg	2	CN%d:	230	Driver ejes polares no admitido
cnc.msg	2	CN%d:	231	Cabeceo incoherente
cnc.msg	2	CN%d:	232	Virado incoherente
cnc.msg	2	CN%d:	233	Modalidad ICDSID so admitida
cnc.msg	2	CN%d:	234	Relación ambigua entre filo cortante y elaboración
cnc.msg	2	CN%d:	235	Requerido bloqueo de movimiento luego G00
cnc.msg	2	CN%d:	236	Demasiados bloqueos no de movimiento
cnc.msg	2	CN%d:	237	Secuencia ejes de recorrido no prevista
cnc.msg	2	CN%d:	238	Error interno XCL
cnc.msg	2	CN%d:	240	Desborde buffer DLE
cnc.msg	2	CN%d:	241	Deceleration Look-Ahead: Demasiados bloqueos no de movimiento
cnc.msg	2	CN%d:	242	Formato no reconocido por DLE
cnc.msg	2	CN%d:	243	La Pipe interna de DLE está interrumpida
cnc.msg	2	CN%d:	244	Error interno DLE
cnc.msg	2	CN%d:	245	DLE: (Para las explicaciones ver el Manual)
cnc.msg	2	CN%d:	250	TCO: Violación Semántica Bloque APND
@251,
cnc.msg	2	CN%d:	256	Orientación herramienta no definida con ICDSID
cnc.msg	2	CN%d:	257	Vector de superficie no definido con ICDSID
cnc.msg	2	CN%d:	258	Cabeceo herramienta incompatible con la elaboración
cnc.msg	2	CN%d:	259	Derrape herramienta no determinado con PADSID activo
cnc.msg	2	CN%d:	260	Modalidad PADSID no soportada
cnc.msg	2	CN%d:	261	Modalidad PADCHK no soportada
cnc.msg	2	CN%d:	262	Discontinuidad superficie demasiado elevada
cnc.msg	2	CN%d:	263	Avance del material incompatible con el útil
cnc.msg	2	CN%d:	265	Código TWI demasiado elevado
cnc.msg	2	CN%d:	266	Código THD demasiado elevado
cnc.msg	2	CN%d:	267	Código D demasiado elevado
cnc.msg	2	CN%d:	270	Requerida idónea orientación herramienta con xSCMOD
cnc.msg	2	CN%d:	271	Requerido idóneo vector de superficie con xSCMOD
cnc.msg	2	CN%d:	272	Orientación herramienta no definida con xSCMOD
cnc.msg	2	CN%d:	273	Vector de superficie no definido con xSCMOD
cnc.msg	2	CN%d:	274	Sólo bloques G1 permitidos con xSCMOD
cnc.msg	2	CN%d:	275	Longitud bloque encabezador incompatible con ESCMOD
cnc.msg	2	CN%d:	276	Longitud único bloque incompatible con xSCMOD
cnc.msg	2	CN%d:	277	Longitud bloque final incompatible con XSCMOD
cnc.msg	2	CN%d:	282	PAG: Implementation restriction
cnc.msg	2	CN%d:	283	PAG: Not enough data
cnc.msg	2	CN%d:	284	PAG: Ambiguous data
cnc.msg	2	CN%d:	285	PAG: Undetermined solution
cnc.msg	2	CN%d:	286	PAG: No solution found
cnc.msg	2	CN%d:	287	PAG: Invalid feed command
cnc.msg	2	CN%d:	290	<DEBUG: PMI: Extensión usuario no inicializada>
cnc.msg	2	CN%d:	292	Speed Mandrino < Speed Min
cnc.msg	2	CN%d:	400	Superado número máximo estructuras de control
cnc.msg	2	CN%d:	401	IF () THEN non sono sullo stesso blocco
cnc.msg	2	CN%d:	402	BREAK non inserito in struttura di controllo
cnc.msg	2	CN%d:	403	ELSE senza IF/THEN
cnc.msg	2	CN%d:	404	Due ELSE consecutivi
cnc.msg	2	CN%d:	405	Disallineamento strutture di controllo
cnc.msg	2	CN%d:	406	ENDW,ENDFOR,REPEAT non devono essere seguiti da codice
cnc.msg	2	CN%d:	407	UNTIL senza REPEAT
cnc.msg	2	CN%d:	408	FOR senza valore limite
cnc.msg	2	CN%d:	409	RPT/BREAK: errore salto fuori dal ciclo
cnc.msg	2	CN%d:	412	Error acceso datos búsqueda bloque en DEFCN
cnc.msg	2	CN%d:	413	Procedimiento Overstore: bloques de movimiento no admitidos
cnc.msg	2	CN%d:	420	File sharing violation
cnc.msg	2	CN%d:	421	Not enough core to handle file
cnc.msg	2	CN%d:	422	Unknown file error
cnc.msg	2	CN%d:	424	Vida útil herramienta agotada
cnc.msg	2	CN%d:	513	<DEBUG: Could not read axes boundaries data>
cnc.msg	2	CN%d:	514	<DEBUG: Internal error>
cnc.msg	2	CN%d:	522	Eje X Cuota Excede Límite
cnc.msg	2	CN%d:	523	Eje Y Cuota Excede Límite
cnc.msg	2	CN%d:	524	Eje Z Cuota Excede Límite
cnc.msg	2	CN%d:	525	Eje U Cuota Excede Límite
cnc.msg	2	CN%d:	526	Eje V Cuota Excede Límite
cnc.msg	2	CN%d:	527	Eje W Cuota Excede Límite
cnc.msg	2	CN%d:	528	Eje A Cuota Excede Límite
cnc.msg	2	CN%d:	529	Eje B Cuota Excede Límite
cnc.msg	2	CN%d:	530	Eje C Cuota Excede Límite
cnc.msg	2	CN%d:	549	<DEBUG: Graphics output pipe error>
cnc.msg	2	CN%d:	550	<DEBUG: Unimplemented TMAPI call>
cnc.msg	2	CN%d:	554	<DEBUG: Graphics server connection pending>
cnc.msg	2	CN%d:	555	<DEBUG: Graphics server login failed>
cnc.msg	2	CN%d:	556	<DEBUG: Graphics server no pending connection>
cnc.msg	2	CN%d:	557	<DEBUG: Graphics server is down>
cnc.msg	2	CN%d:	560	<DEBUG: Term has been signaled by the Kernel>
cnc.msg	2	CN%d:	564	<DEBUG: Not enough core to initialize TMAPI>
cnc.msg	2	CN%d:	565	<DEBUG: Some resources could not be freed>
cnc.msg	2	CN%d:	566	<DEBUG: Unspecified>
cnc.msg	2	CN%d:	569	<DEBUG: See manual>
cnc.msg	2	CN%d:	609	<DEBUG: Unhandled axes matching>
cnc.msg	2	CN%d:	610	<DEBUG: Unimplemented feature>
cnc.msg	2	CN%d:	612	<DEBUG: GRAPH Multitool setup has bad freecells>
cnc.msg	2	CN%d:	613	<DEBUG: GRAPH Multitool setup has NO freecells>
cnc.msg	2	CN%d:	625	<DEBUG: Graphics server config read error>
cnc.msg	2	CN%d:	641	<DEBUG: Packed write failed>
cnc.msg	2	CN%d:	642	<DEBUG: Packed dest type wrong>
cnc.msg	2	CN%d:	643	<DEBUG: Packed source type wrong>
cnc.msg	2	CN%d:	644	<DEBUG: Cannot round packed value>
cnc.msg	2	CN%d:	649	<DEBUG: Unpacked write failed>
cnc.msg	2	CN%d:	650	<DEBUG: Unpacked dest type wrong>
cnc.msg	2	CN%d:	657	<DEBUG: Bad semantics>
cnc.msg	2	CN%d:	658	<DEBUG: Unknown command>
cnc.msg	2	CN%d:	659	Unrecognized SPC code
cnc.msg	2	CN%d:	673	<DEBUG: Could not acceed CED, THD or TWI data>
cnc.msg	2	CN%d:	674	Memoria insuficiente para el tool caching
cnc.msg	2	CN%d:	682	Unsupported Kinematics
cnc.msg	2	CN%d:	692	Código TWI demasiado elevado
cnc.msg	2	CN%d:	693	Código THD demasiado elevado
cnc.msg	2	CN%d:	694	Código D demasiado elevado
cnc.msg	2	CN%d:	695	Driver assi polari non supportato
cnc.msg	2	CN%d:	714	Cinemática no soportada
cnc.msg	2	CN%d:	715	Error orientación entidad TWI
cnc.msg	2	CN%d:	716	Orientación herramienta no definida
cnc.msg	2	CN%d:	717	TCP no hallado
cnc.msg	2	CN%d:	718	Transformación THD no soportada
cnc.msg	2	CN%d:	719	Imposible seleccionar filo cortante, IJK ausentes
cnc.msg	2	CN%d:	720	Violación filo cortante
cnc.msg	2	CN%d:	724	<DEBUG: See manual>
cnc.msg	2	CN%d:	738	<DEBUG: PassThru input pipe error>
cnc.msg	2	CN%d:	743	<DEBUG: PassThru server is down>
cnc.msg	2	CN%d:	746	<DEBUG: PassThru has too many locally open files>
cnc.msg	2	CN%d:	749	Salto con etiqueta imposible en ejecución pasante
cnc.msg	2	CN%d:	750	<DEBUG: PassThru channel config read error>
cnc.msg	2	CN%d:	751	Línea demasiado larga en ejecución pasante
cnc.msg	2	CN%d:	1001	PLC BLOQUEADO
cnc.msg	2	CN%d:	1002	ERRORE CARICAMENTO PLC
cnc.msg	2	CN%d:	1003	PLC LENTO TIMEOUT
cnc.msg	2	CN%d:	1005	PLC RAPIDO TIMEOUT
cnc.msg	2	CN%d:	1006	CN BLOQUEADO
cnc.msg	2	CN%d:	1007	NULL CONFIGURATION
cnc.msg	2	CN%d:	1008	DATOS MAQUINA ERRONEOS
cnc.msg	2	CN%d:	1033	Error I/O: CRC
cnc.msg	2	CN%d:	1034	Error I/O: TIMEOUT
cnc.msg	2	CN%d:	1035	Error I/O: NACK
cnc.msg	2	CN%d:	1036	Error I/O: INVALID ID
cnc.msg	2	CN%d:	1039	Error I/O: RX not READY
cnc.msg	2	CN%d:	1040	Error I/O: ERROR GENÉRICO
cnc.msg	2	CN%d:	1041	Error I/O: ALIMENTACION NUDO KO
cnc.msg	2	CN%d:	1042	Error I/O: SALIDA EN PROTECCION
cnc.msg	2	CN%d:	1043	Error I/O: 24 VOLT NO PRESENTE
cnc.msg	2	CN%d:	1044	Error I/O: ADC BUSY
cnc.msg	2	CN%d:	1047	Error I/O: TARJETA NO PRESENTE
cnc.msg	2	CN%d:	1049	V+12 FUERA LIMITES
cnc.msg	2	CN%d:	1050	V-12 FUERA LIMITES
cnc.msg	2	CN%d:	1051	V CODIFICADOR FUERA LIMITES
cnc.msg	2	CN%d:	1052	V BATERIA FUERA LIMITES
cnc.msg	2	CN%d:	1056	TEMPERATURA FUERA LIMITES
cnc.msg	2	CN%d:	1057	CN HARDWARE ERROR: BOARD OR NODE ERROR
cnc.msg	2	CN%d:	1058	X:F.C. Adelante
cnc.msg	2	CN%d:	1059	X:F.C. Atrás
cnc.msg	2	CN%d:	1060	X:F.C. Software
cnc.msg	2	CN%d:	1061	X:Alarma Eje: Solicitud externa
cnc.msg	2	CN%d:	1062	X:Error Calibrado
cnc.msg	2	CN%d:	1063	X:Eje no definido
cnc.msg	2	CN%d:	1064	X:Eje no presente y fly
cnc.msg	2	CN%d:	1065	X:Error Tolerancia
cnc.msg	2	CN%d:	1066	X:Error de seguimiento
cnc.msg	2	CN%d:	1067	X:Error Offset
cnc.msg	2	CN%d:	1068	X:Solicitud Alarma I/O de control
cnc.msg	2	CN%d:	1069	X:Tarjeta codific./analógica no presente
cnc.msg	2	CN%d:	1070	X:Codific. no cuenta
cnc.msg	2	CN%d:	1071	X:Eje en colisión
cnc.msg	2	CN%d:	1072	X:Gama no presente
cnc.msg	2	CN%d:	1073	X:Codific. no conectado
cnc.msg	2	CN%d:	1074	X:Eje no disponible
cnc.msg	2	CN%d:	1075	X:Alarma Servodrive Digital
cnc.msg	2	CN%d:	1076	X:Traslación eje gantry
cnc.msg	2	CN%d:	1077	X:Allarme Protocollo CanOpen
cnc.msg	2	CN%d:	1078	X:Drive in allarme
cnc.msg	2	CN%d:	1079	X:Errore Comando
cnc.msg	2	CN%d:	1080	X:Reserved
cnc.msg	2	CN%d:	1081	X:Reserved
cnc.msg	2	CN%d:	1082	X:Reserved
cnc.msg	2	CN%d:	1083	X:Reserved
cnc.msg	2	CN%d:	1084	X:Reserved
cnc.msg	2	CN%d:	1085	X:Azionamento digitale non pronto
cnc.msg	2	CN%d:	1086	X:Dati non validi
cnc.msg	2	CN%d:	1087	X:Pacchetto dati corrotto errore di BCC
cnc.msg	2	CN%d:	1088	X:Rumore sulla linea di comunicazione con l'azionamento
cnc.msg	2	CN%d:	1089	X:Timeout comunicazione con azionamento digitale
cnc.msg	2	CN%d:	1090	Y:F.C. Adelante
cnc.msg	2	CN%d:	1091	Y:F.C. Atrás
cnc.msg	2	CN%d:	1092	Y:F.C. Software
cnc.msg	2	CN%d:	1093	Y:Alarma Eje: Solicitud externa
cnc.msg	2	CN%d:	1094	Y:Error Calibrado
cnc.msg	2	CN%d:	1095	Y:Eje no definido
cnc.msg	2	CN%d:	1096	Y:Eje no presente y fly
cnc.msg	2	CN%d:	1097	Y:Error Tolerancia
cnc.msg	2	CN%d:	1098	Y:Error de seguimiento
cnc.msg	2	CN%d:	1099	Y:Error Offset
cnc.msg	2	CN%d:	1100	Y:Solicitud Alarma I/O de control
cnc.msg	2	CN%d:	1101	Y:Tarjeta codific./analógica no presente
cnc.msg	2	CN%d:	1102	Y:Codific. no cuenta
cnc.msg	2	CN%d:	1103	Y:Eje en colisión
cnc.msg	2	CN%d:	1104	Y:Gama no presente
cnc.msg	2	CN%d:	1105	Y:Codific. no conectado
cnc.msg	2	CN%d:	1106	Y:Eje no disponible
cnc.msg	2	CN%d:	1107	Y:Alarma Servodrive Digital
cnc.msg	2	CN%d:	1108	Y:Traslación eje gantry
cnc.msg	2	CN%d:	1109	Y:Allarme Protocollo CanOpen
cnc.msg	2	CN%d:	1110	Y:Drive in allarme
cnc.msg	2	CN%d:	1111	Y:Errore Comando
cnc.msg	2	CN%d:	1112	Y:Reserved
cnc.msg	2	CN%d:	1113	Y:Reserved
cnc.msg	2	CN%d:	1114	Y:Reserved
cnc.msg	2	CN%d:	1115	Y:Reserved
cnc.msg	2	CN%d:	1116	Y:Reserved
cnc.msg	2	CN%d:	1117	Y:Azionamento digitale non pronto
cnc.msg	2	CN%d:	1118	Y:Dati non validi
cnc.msg	2	CN%d:	1119	Y:Pacchetto dati corrotto errore di BCC
cnc.msg	2	CN%d:	1120	Y:Rumore sulla linea di comunicazione con l'azionamento
cnc.msg	2	CN%d:	1121	Y:Timeout comunicazione con azionamento digitale
cnc.msg	2	CN%d:	1122	Z:F.C. Adelante
cnc.msg	2	CN%d:	1123	Z:F.C. Atrás
cnc.msg	2	CN%d:	1124	Z:F.C. Software
cnc.msg	2	CN%d:	1125	Z:Alarma Eje: Solicitud externa
cnc.msg	2	CN%d:	1126	Z:Error Calibrado
cnc.msg	2	CN%d:	1127	Z:Eje no definido
cnc.msg	2	CN%d:	1128	Z:Eje no presente y fly
cnc.msg	2	CN%d:	1129	Z:Error Tolerancia
cnc.msg	2	CN%d:	1130	Z:Error de seguimiento
cnc.msg	2	CN%d:	1131	Z:Error Offset
cnc.msg	2	CN%d:	1132	Z:Solicitud Alarma I/O de control
cnc.msg	2	CN%d:	1133	Z:Tarjeta codific./analógica no presente
cnc.msg	2	CN%d:	1134	Z:Codific. no cuenta
cnc.msg	2	CN%d:	1135	Z:Eje en colisión
cnc.msg	2	CN%d:	1136	Z:Gama no presente
cnc.msg	2	CN%d:	1137	Z:Codific. no conectado
cnc.msg	2	CN%d:	1138	Z:Eje no disponible
cnc.msg	2	CN%d:	1139	Z:Alarma Servodrive Digital
cnc.msg	2	CN%d:	1140	Z:Traslación eje gantry
cnc.msg	2	CN%d:	1141	Z:Allarme Protocollo CanOpen
cnc.msg	2	CN%d:	1142	Z:Drive in allarme
cnc.msg	2	CN%d:	1143	Z:Errore Comando
cnc.msg	2	CN%d:	1144	Z:Reserved
cnc.msg	2	CN%d:	1145	Z:Reserved
cnc.msg	2	CN%d:	1146	Z:Reserved
cnc.msg	2	CN%d:	1147	Z:Reserved
cnc.msg	2	CN%d:	1148	Z:Reserved
cnc.msg	2	CN%d:	1149	Z:Azionamento digitale non pronto
cnc.msg	2	CN%d:	1150	Z:Dati non validi
cnc.msg	2	CN%d:	1151	Z:Pacchetto dati corrotto errore di BCC
cnc.msg	2	CN%d:	1152	Z:Rumore sulla linea di comunicazione con l'azionamento
cnc.msg	2	CN%d:	1153	Z:Timeout comunicazione con azionamento digitale
cnc.msg	2	CN%d:	1154	U:F.C. Adelante
cnc.msg	2	CN%d:	1155	U:F.C. Atrás
cnc.msg	2	CN%d:	1156	U:F.C. Software
cnc.msg	2	CN%d:	1157	U:Alarma Eje: Solicitud externa
cnc.msg	2	CN%d:	1158	U:Error Calibrado
cnc.msg	2	CN%d:	1159	U:Eje no definido
cnc.msg	2	CN%d:	1160	U:Eje no presente y fly
cnc.msg	2	CN%d:	1161	U:Error Tolerancia
cnc.msg	2	CN%d:	1162	U:Error de seguimiento
cnc.msg	2	CN%d:	1163	U:Error Offset
cnc.msg	2	CN%d:	1164	U:Solicitud Alarma I/O de control
cnc.msg	2	CN%d:	1165	U:Tarjeta codific./analógica no presente
cnc.msg	2	CN%d:	1166	U:Codific. no cuenta
cnc.msg	2	CN%d:	1167	U:Eje en colisión
cnc.msg	2	CN%d:	1168	U:Gama no presente
cnc.msg	2	CN%d:	1169	U:Codific. no conectado
cnc.msg	2	CN%d:	1170	U:Eje no disponible
cnc.msg	2	CN%d:	1171	U:Alarma Servodrive Digital
cnc.msg	2	CN%d:	1172	U:Traslación eje gantry
cnc.msg	2	CN%d:	1173	U:Allarme Protocollo CanOpen
cnc.msg	2	CN%d:	1174	U:Drive in allarme
cnc.msg	2	CN%d:	1175	U:Errore Comando
cnc.msg	2	CN%d:	1176	U:Reserved
cnc.msg	2	CN%d:	1177	U:Reserved
cnc.msg	2	CN%d:	1178	U:Reserved
cnc.msg	2	CN%d:	1179	U:Reserved
cnc.msg	2	CN%d:	1180	U:Reserved
cnc.msg	2	CN%d:	1181	U:Azionamento digitale non pronto
cnc.msg	2	CN%d:	1182	U:Dati non validi
cnc.msg	2	CN%d:	1183	U:Pacchetto dati corrotto errore di BCC
cnc.msg	2	CN%d:	1184	U:Rumore sulla linea di comunicazione con l'azionamento
cnc.msg	2	CN%d:	1185	U:Timeout comunicazione con azionamento digitale
cnc.msg	2	CN%d:	1186	V:F.C. Adelante
cnc.msg	2	CN%d:	1187	V:F.C. Atrás
cnc.msg	2	CN%d:	1188	V:F.C. Software
cnc.msg	2	CN%d:	1189	V:Alarma Eje: Solicitud externa
cnc.msg	2	CN%d:	1190	V:Error Calibrado
cnc.msg	2	CN%d:	1191	V:Eje no definido
cnc.msg	2	CN%d:	1192	V:Eje no presente y fly
cnc.msg	2	CN%d:	1193	V:Error Tolerancia
cnc.msg	2	CN%d:	1194	V:Error de seguimiento
cnc.msg	2	CN%d:	1195	V:Error Offset
cnc.msg	2	CN%d:	1196	V:Solicitud Alarma I/O de control
cnc.msg	2	CN%d:	1197	V:Tarjeta codific./analógica no presente
cnc.msg	2	CN%d:	1198	V:Codific. no cuenta
cnc.msg	2	CN%d:	1199	V:Eje en colisión
cnc.msg	2	CN%d:	1200	V:Gama no presente
cnc.msg	2	CN%d:	1201	V:Codific. no conectado
cnc.msg	2	CN%d:	1202	V:Eje no disponible
cnc.msg	2	CN%d:	1203	V:Alarma Servodrive Digital
cnc.msg	2	CN%d:	1204	V:Traslación eje gantry
cnc.msg	2	CN%d:	1205	V:Allarme Protocollo CanOpen
cnc.msg	2	CN%d:	1206	V:Drive in allarme
cnc.msg	2	CN%d:	1207	V:Errore Comando
cnc.msg	2	CN%d:	1208	V:Reserved
cnc.msg	2	CN%d:	1209	V:Reserved
cnc.msg	2	CN%d:	1210	V:Reserved
cnc.msg	2	CN%d:	1211	V:Reserved
cnc.msg	2	CN%d:	1212	V:Reserved
cnc.msg	2	CN%d:	1213	V:Azionamento digitale non pronto
cnc.msg	2	CN%d:	1214	V:Dati non validi
cnc.msg	2	CN%d:	1215	V:Pacchetto dati corrotto errore di BCC
cnc.msg	2	CN%d:	1216	V:Rumore sulla linea di comunicazione con l'azionamento
cnc.msg	2	CN%d:	1217	V:Timeout comunicazione con azionamento digitale
cnc.msg	2	CN%d:	1218	W:F.C. Adelante
cnc.msg	2	CN%d:	1219	W:F.C. Atrás
cnc.msg	2	CN%d:	1220	W:F.C. Software
cnc.msg	2	CN%d:	1221	W:Alarma Eje: Solicitud externa
cnc.msg	2	CN%d:	1222	W:Error Calibrado
cnc.msg	2	CN%d:	1223	W:Eje no definido
cnc.msg	2	CN%d:	1224	W:Eje no presente y fly
cnc.msg	2	CN%d:	1225	W:Error Tolerancia
cnc.msg	2	CN%d:	1226	W:Error de seguimiento
cnc.msg	2	CN%d:	1227	W:Error Offset
cnc.msg	2	CN%d:	1228	W:Solicitud Alarma I/O de control
cnc.msg	2	CN%d:	1229	W:Tarjeta codific./analógica no presente
cnc.msg	2	CN%d:	1230	W:Codific. no cuenta
cnc.msg	2	CN%d:	1231	W:Eje en colisión
cnc.msg	2	CN%d:	1232	W:Gama no presente
cnc.msg	2	CN%d:	1233	W:Codific. no conectado
cnc.msg	2	CN%d:	1234	W:Eje no disponible
cnc.msg	2	CN%d:	1235	W:Alarma Servodrive Digital
cnc.msg	2	CN%d:	1236	W:Traslación eje gantry
cnc.msg	2	CN%d:	1237	W:Allarme Protocollo CanOpen
cnc.msg	2	CN%d:	1238	W:Drive in allarme
cnc.msg	2	CN%d:	1239	W:Errore Comando
cnc.msg	2	CN%d:	1240	W:Reserved
cnc.msg	2	CN%d:	1241	W:Reserved
cnc.msg	2	CN%d:	1242	W:Reserved
cnc.msg	2	CN%d:	1243	W:Reserved
cnc.msg	2	CN%d:	1244	W:Reserved
cnc.msg	2	CN%d:	1245	W:Azionamento digitale non pronto
cnc.msg	2	CN%d:	1246	W:Dati non validi
cnc.msg	2	CN%d:	1247	W:Pacchetto dati corrotto errore di BCC
cnc.msg	2	CN%d:	1248	W:Rumore sulla linea di comunicazione con l'azionamento
cnc.msg	2	CN%d:	1249	W:Timeout comunicazione con azionamento digitale
cnc.msg	2	CN%d:	1250	A:F.C. Adelante
cnc.msg	2	CN%d:	1251	A:F.C. Atrás
cnc.msg	2	CN%d:	1252	A:F.C. Software
cnc.msg	2	CN%d:	1253	A:Alarma Eje: Solicitud externa
cnc.msg	2	CN%d:	1254	A:Error Calibrado
cnc.msg	2	CN%d:	1255	A:Eje no definido
cnc.msg	2	CN%d:	1256	A:Eje no presente y fly
cnc.msg	2	CN%d:	1257	A:Error Tolerancia
cnc.msg	2	CN%d:	1258	A:Error de seguimiento
cnc.msg	2	CN%d:	1259	A:Error Offset
cnc.msg	2	CN%d:	1260	A:Solicitud Alarma I/O de control
cnc.msg	2	CN%d:	1261	A:Tarjeta codific./analógica no presente
cnc.msg	2	CN%d:	1262	A:Codific. no cuenta
cnc.msg	2	CN%d:	1263	A:Eje en colisión
cnc.msg	2	CN%d:	1264	A:Gama no presente
cnc.msg	2	CN%d:	1265	A:Codific. no conectado
cnc.msg	2	CN%d:	1266	A:Eje no disponible
cnc.msg	2	CN%d:	1267	A:Alarma Servodrive Digital
cnc.msg	2	CN%d:	1268	A:Traslación eje gantry
cnc.msg	2	CN%d:	1269	A:Allarme Protocollo CanOpen
cnc.msg	2	CN%d:	1270	A:Drive in allarme
cnc.msg	2	CN%d:	1271	A:Errore Comando
cnc.msg	2	CN%d:	1272	A:Reserved
cnc.msg	2	CN%d:	1273	A:Reserved
cnc.msg	2	CN%d:	1274	A:Reserved
cnc.msg	2	CN%d:	1275	A:Reserved
cnc.msg	2	CN%d:	1276	A:Reserved
cnc.msg	2	CN%d:	1277	A:Azionamento digitale non pronto
cnc.msg	2	CN%d:	1278	A:Dati non validi
cnc.msg	2	CN%d:	1279	A:Pacchetto dati corrotto errore di BCC
cnc.msg	2	CN%d:	1280	A:Rumore sulla linea di comunicazione con l'azionamento
cnc.msg	2	CN%d:	1281	A:Timeout comunicazione con azionamento digitale
cnc.msg	2	CN%d:	1282	B:F.C. Adelante
cnc.msg	2	CN%d:	1283	B:F.C. Atrás
cnc.msg	2	CN%d:	1284	B:F.C. Software
cnc.msg	2	CN%d:	1285	B:Alarma Eje: Solicitud externa
cnc.msg	2	CN%d:	1286	B:Error Calibrado
cnc.msg	2	CN%d:	1287	B:Eje no definido
cnc.msg	2	CN%d:	1288	B:Eje no presente y fly
cnc.msg	2	CN%d:	1289	B:Error Tolerancia
cnc.msg	2	CN%d:	1290	B:Error de seguimiento
cnc.msg	2	CN%d:	1291	B:Error Offset
cnc.msg	2	CN%d:	1292	B:Solicitud Alarma I/O de control
cnc.msg	2	CN%d:	1293	B:Tarjeta codific./analógica no presente
cnc.msg	2	CN%d:	1294	B:Codific. no cuenta
cnc.msg	2	CN%d:	1295	B:Eje en colisión
cnc.msg	2	CN%d:	1296	B:Gama no presente
cnc.msg	2	CN%d:	1297	B:Codific. no conectado
cnc.msg	2	CN%d:	1298	B:Eje no disponible
cnc.msg	2	CN%d:	1299	B:Alarma Servodrive Digital
cnc.msg	2	CN%d:	1300	B:Traslación eje gantry
cnc.msg	2	CN%d:	1301	B:Allarme Protocollo CanOpen
cnc.msg	2	CN%d:	1302	B:Drive in allarme
cnc.msg	2	CN%d:	1303	B:Errore Comando
cnc.msg	2	CN%d:	1304	B:Reserved
cnc.msg	2	CN%d:	1305	B:Reserved
cnc.msg	2	CN%d:	1306	B:Reserved
cnc.msg	2	CN%d:	1307	B:Reserved
cnc.msg	2	CN%d:	1308	B:Reserved
cnc.msg	2	CN%d:	1309	B:Azionamento digitale non pronto
cnc.msg	2	CN%d:	1310	B:Dati non validi
cnc.msg	2	CN%d:	1311	B:Pacchetto dati corrotto errore di BCC
cnc.msg	2	CN%d:	1312	B:Rumore sulla linea di comunicazione con l'azionamento
cnc.msg	2	CN%d:	1313	B:Timeout comunicazione con azionamento digitale
cnc.msg	2	CN%d:	1314	C:F.C. Adelante
cnc.msg	2	CN%d:	1315	C:F.C. Atrás
cnc.msg	2	CN%d:	1316	C:F.C. Software
cnc.msg	2	CN%d:	1317	C:Alarma Eje: Solicitud externa
cnc.msg	2	CN%d:	1318	C:Error Calibrado
cnc.msg	2	CN%d:	1319	C:Eje no definido
cnc.msg	2	CN%d:	1320	C:Eje no presente y fly
cnc.msg	2	CN%d:	1321	C:Error Tolerancia
cnc.msg	2	CN%d:	1322	C:Error de seguimiento
cnc.msg	2	CN%d:	1323	C:Error Offset
cnc.msg	2	CN%d:	1324	C:Solicitud Alarma I/O de control
cnc.msg	2	CN%d:	1325	C:Tarjeta codific./analógica no presente
cnc.msg	2	CN%d:	1326	C:Codific. no cuenta
cnc.msg	2	CN%d:	1327	C:Eje en colisión
cnc.msg	2	CN%d:	1328	C:Gama no presente
cnc.msg	2	CN%d:	1329	C:Codific. no conectado
cnc.msg	2	CN%d:	1330	C:Eje no disponible
cnc.msg	2	CN%d:	1331	C:Alarma Servodrive Digital
cnc.msg	2	CN%d:	1332	C:Traslación eje gantry
cnc.msg	2	CN%d:	1333	C:Allarme Protocollo CanOpen
cnc.msg	2	CN%d:	1334	C:Drive in allarme
cnc.msg	2	CN%d:	1335	C:Errore Comando
cnc.msg	2	CN%d:	1336	C:Reserved
cnc.msg	2	CN%d:	1337	C:Reserved
cnc.msg	2	CN%d:	1338	C:Reserved
cnc.msg	2	CN%d:	1339	C:Reserved
cnc.msg	2	CN%d:	1340	C:Reserved
cnc.msg	2	CN%d:	1341	C:Azionamento digitale non pronto
cnc.msg	2	CN%d:	1342	C:Dati non validi
cnc.msg	2	CN%d:	1343	C:Pacchetto dati corrotto errore di BCC
cnc.msg	2	CN%d:	1344	C:Rumore sulla linea di comunicazione con l'azionamento
cnc.msg	2	CN%d:	1345	C:Timeout comunicazione con azionamento digitale
Sys.msg	4	Xil:	0	?
Sys.msg	4	Xil:	1	Memoria insuficiente
Sys.msg	4	Xil:	2	Instrucción no perteneciente al lenguaje xISO
Sys.msg	4	Xil:	3	System Error -> SysdataLenKO
Sys.msg	4	Xil:	4	Número de canal para el grupo de chapado no válido
Sys.msg	4	Xil:	5	El palpador se puede utilizar sólo con herramientas verticales
Sys.msg	4	Xil:	6	No existe cota de seguridad encima de la pieza
Sys.msg	4	Xil:	7	Calibración en Z no permitida
Sys.msg	4	Xil:	8	Definición de las piezas por cargar no presente
Sys.msg	4	Xil:	9	Piezas por cargar no enumeradas en las PB de Setup o Bloqueo
Sys.msg	4	Xil:	10	Los números de las piezas por cargar presentes en las PB de Setup o Bloqueo no coinciden con los definidos
Sys.msg	4	Xil:	11	Definición de las piezas por descargar no presente
Sys.msg	4	Xil:	12	Piezas por descargar no enumeradas en las PB de Desbloqueo
Sys.msg	4	Xil:	13	Los números de las piezas por descargar presentes en las PB de Desbloqueo no coinciden con los definidos
Sys.msg	4	Xil:	14	En presencia del Robot la palpación y los mensajes con input no se admiten
Sys.msg	4	Xil:	15	El estados de las morsas en las PB de Bloqueo piezas no puede ser 1
Sys.msg	4	Xil:	16	Si ambas programadas, las posiciones de paleta y campana adicional tienen que coincidir
Sys.msg	5	Fxc:	0	?
Sys.msg	5	Fxc:	1	Datos insuficientes
Sys.msg	6	ChkPgm línea %U:	0	?
Sys.msg	6	ChkPgm línea %U:	1	Sentidos de rotación mandriles no congruentes (T=%c%d)
Sys.msg	6	ChkPgm línea %U:	2	G0 no admitida con T=%c%d
Sys.msg	6	ChkPgm línea %U:	3	Ning£na configuración compatible con la elaboración requerida (T=%c%d)
Sys.msg	6	ChkPgm línea %U:	4	Herramienta demasiado larga (T=%c%d).
@005,
Sys.msg	6	ChkPgm línea %U:	6	S no válida (T=%c%d)
Sys.msg	6	ChkPgm línea %U:	7	V debe ser superior a cero
Sys.msg	6	ChkPgm línea %U:	8	Microinterruptor- de tope eje X (T=%c%d)
Sys.msg	6	ChkPgm línea %U:	9	Microinterruptor+ de tope eje X (T=%c%d)
Sys.msg	6	ChkPgm línea %U:	10	Microinterruptor- de tope eje Y (T=%c%d)
Sys.msg	6	ChkPgm línea %U:	11	Microinterruptor+ de tope eje Y (T=%c%d)
Sys.msg	6	ChkPgm línea %U:	12	Microinterruptor- de tope eje Z (T=%c%d)
Sys.msg	6	ChkPgm línea %U:	13	Microinterruptor+ de tope eje Z (T=%c%d)
Sys.msg	6	ChkPgm línea %U:	14	Microinterruptor- de tope eje A (T=%c%d)
Sys.msg	6	ChkPgm línea %U:	15	Microinterruptor+ de tope eje A (T=%c%d)
Sys.msg	6	ChkPgm línea %U:	16	Microinterruptor- de tope eje B (T=%c%d)
Sys.msg	6	ChkPgm línea %U:	17	Microinterruptor+ de tope eje B (T=%c%d)
Sys.msg	6	ChkPgm línea %U:	18	Microinterruptor- de tope eje C (T=%c%d)
Sys.msg	6	ChkPgm línea %U:	19	Microinterruptor+ de tope eje C (T=%c%d)
Sys.msg	6	ChkPgm línea %U:	20	G0 admitida sólo sobre las caras estandar
Sys.msg	6	ChkPgm línea %U:	21	Almacén incompatible con el electromandril (T=%c%d)
Sys.msg	6	ChkPgm línea %U:	22	Ningún cabezal laser configurado
Sys.msg	6	ChkPgm línea %U:	23	Posición %c=%F no alcanzable desde ningún cabezal laser
Sys.msg	6	ChkPgm línea %U:	24	La herramienta debe ser una hoja (T=%c%d)
Sys.msg	6	ChkPgm línea %U:	25	G0R no admitida con T=%c%d
Sys.msg	6	ChkPgm línea %U:	26	No existe cota de seguridad encima de la pieza (T=%c%d)
Sys.msg	6	ChkPgm línea %U:	27	Valor del campo IC/I no admitido (T=%c%d): vector ausente o no interpolante
Sys.msg	6	ChkPgm línea %U:	28	Superficie inclinada con hoja inclinada no admitida
Sys.msg	6	ChkPgm línea %U:	29	Superficie inclinada con BR,XBR,G0R,XG0R no admitida
Sys.msg	6	ChkPgm línea %U:	30	BR o XBR con taladradora(T=%c%d)
Sys.msg	6	ChkPgm línea %U:	31	B admitida sólo sobre las caras estandar
Sys.msg	6	ChkPgm línea %U:	32	Microinterruptor- de tope eje E (T=%c%d)
Sys.msg	6	ChkPgm línea %U:	33	Microinterruptor+ de tope eje E (T=%c%d)
Sys.msg	6	ChkPgm línea %U:	34	Plano inclinado con eje E no admitido
Sys.msg	6	ChkPgm línea %U:	35	Herramienta T=%c%d no admitida en F6
Sys.msg	6	ChkPgm línea %U:	36	Memoria insuficiente (xISOSTACK).
Sys.msg	6	ChkPgm línea %U:	37	Falta la instrucción xENDSTOCKS.
Sys.msg	6	ChkPgm línea %U:	38	Falta la instrucción xSTKEND.
Sys.msg	6	ChkPgm línea %U:	39	Instrucción xSTOCKS no admitida.
Sys.msg	6	ChkPgm línea %U:	40	Falta la instrucción xSTOCKS.
Sys.msg	6	ChkPgm línea %U:	41	Falta la instrucción xSTKBEGIN.
Sys.msg	6	ChkPgm línea %U:	42	Instrucción xSUBR no admitida.
Sys.msg	6	ChkPgm línea %U:	43	Falta la instrucción xSUBR.
Sys.msg	6	ChkPgm línea %U:	44	Falta la instrucción xENDSUBR.
Sys.msg	6	ChkPgm línea %U:	45	Herramienta T=%c%d no compatible con las elaboraciones.
Sys.msg	6	ChkPgm línea %U:	46	Herramienta T=%c%d no asociada a ningún cabezal QinX.
Sys.msg	7	Extcad:	0	?
Sys.msg	7	Extcad:	1	Parámetros de la función EXTCADD no válidos.
Sys.msg	7	Extcad:	2	File de configuración o herramental inexistente.
Sys.msg	7	Extcad:	3	Error en lectura datos del file.
Sys.msg	7	Extcad:	4	Error de link del file de entrada.
Sys.msg	7	Extcad:	5	Error en la creación del file EXT.
Sys.msg	9	Report:	0	?
Sys.msg	9	Report:	1	Nombre del file de report no válido.
Sys.msg	9	Report:	2	File de report no creado correctamente.
Sys.msg	9	Report:	3	Error al abrir el file de report.
Sys.msg	9	Report:	4	Error al escribir el file de report.
Sys.msg	9	Report:	5	Error al cerrar el file de report.
Sys.msg	9	Report:	6	Lista de las alarmas no creada correctamente.
Sys.msg	9	Report:	7	Nombre de la directory no válido.
Sys.msg	9	Report:	8	Error en la localización de la memoria.
Sys.msg	10	BOopt:	0	?
Sys.msg	10	BOopt:	1	System Error -> ParamKO
Sys.msg	10	BOopt:	2	Memoria insuficiente
Sys.msg	10	BOopt:	3	System Error -> AlreadyOpen
Sys.msg	10	BOopt:	4	System Error -> BOopt_FileKO
Sys.msg	10	BOopt:	5	Optimización imposible: ¡demasiados orificios programados !
Sys.msg	10	BOopt:	6	No hay brocas configuradas en el lado %d : imposible efectuar taladrados
Sys.msg	10	BOopt:	7	BOopt_GBO_KO
Sys.msg	10	BOopt:	8	Error durante optimización : comprobar el archivo de Report '..\OPT\GBOREPORT.TXT'
Sys.msg	10	BOopt:	9	(Línea %D) No hay una broca para colocar en la repetición %d por incompatibilidad geométrica o final de carrera ejes
Sys.msg	11	IoPgm:	0	?
Sys.msg	11	IoPgm:	1	System Error -> ParamKO
Sys.msg	11	IoPgm:	2	(%s) Error durante la apertura del file
Sys.msg	11	IoPgm:	3	(%s) Error durante el cierre del file
Sys.msg	11	IoPgm:	4	(%s) Error durante el posicionamiento al interior del file
Sys.msg	11	IoPgm:	5	Memoria insuficiente
Sys.msg	11	IoPgm:	6	(%s) Error durante la lectura del file
Sys.msg	11	IoPgm:	7	(%s) Operación fallida causa fin del file
Sys.msg	11	IoPgm:	8	Paso de programa de tipo PGM no encontrado
Sys.msg	11	IoPgm:	9	Fin de los pasos de programa de tipo PGM
Sys.msg	11	IoPgm:	10	(%s) Lectura de la posición corriente del file no válida
Sys.msg	11	IoPgm:	11	Instrucción Header del lenguaje Xiso no encontrada
Sys.msg	11	IoPgm:	12	Código interno del lenguaje Xiso no válido
Sys.msg	11	IoPgm:	13	(%s) Header del paso de programa PGM no válida
Sys.msg	11	IoPgm:	14	Descripción del ciclo fijo no válida
Sys.msg	11	IoPgm:	15	Parámetros de descripción del ciclo fijo no presentes
Sys.msg	11	IoPgm:	16	(%s) Error durante la escritura del archivo
Sys.msg	11	IoPgm:	17	(%s) Error durante la escritura del archivo
Sys.msg	12	DIBBmp:	0	?
Sys.msg	12	DIBBmp:	1	System Error -> ParamKO
Sys.msg	12	DIBBmp:	2	Memoria insuficiente
Sys.msg	12	DIBBmp:	3	System Error -> GDI_Error
Sys.msg	12	DIBBmp:	4	Error durante una operación de Output en el file
Sys.msg	13	EDITdb:	0	?
Sys.msg	13	EDITdb:	1	System Error -> ParamKO
Sys.msg	13	EDITdb:	2	Memoria insuficiente
Sys.msg	13	EDITdb:	3	System Error -> PuntKO
Sys.msg	13	EDITdb:	4	(%s) File no encontrado
Sys.msg	13	EDITdb:	5	Record no encontrado
Sys.msg	13	EDITdb:	6	Ausencia de errores de compilación
Sys.msg	13	EDITdb:	7	System Error -> idErrorOverflow
Sys.msg	13	EDITdb:	8	Fin de los pasos de programa de tipo PGM
Sys.msg	13	EDITdb:	9	Código interno del lenguaje Xiso no válido
Sys.msg	13	EDITdb:	10	System Error -> AlreadyOpen
Sys.msg	13	EDITdb:	11	El programa no ha sido compilado
Sys.msg	13	EDITdb:	12	Instrucción del lenguaje no reconocida
Sys.msg	13	EDITdb:	13	Error de sintaxis: '%s'
Sys.msg	13	EDITdb:	14	(Línea %D) Error de sintaxis: '%s'
Sys.msg	13	EDITdb:	15	Error durante la memorización del archivo '%s'
Sys.msg	13	EDITdb:	16	Archivo '%s' no encontrado o mal formateado
Sys.msg	13	EDITdb:	17	Archivo '%s' mal formateado
Sys.msg	13	EDITdb:	18	Límite <Intervalo> '%s' mal configurado
Sys.msg	13	EDITdb:	19	(Línea %D) Límite <Intervalo> '%s' mal configurado
Sys.msg	13	EDITdb:	20	Límite <Selección> '%s' mal configurado
Sys.msg	13	EDITdb:	21	(Línea %D) Límite <Selección> '%s' mal configurado
Sys.msg	13	EDITdb:	22	'%s' fuera de los límites programados
Sys.msg	13	EDITdb:	23	(Línea %D) '%s' fuera de los limites programados
Sys.msg	13	EDITdb:	24	(%s,%D) Parámetro %s no válido
Sys.msg	14	EDITEdb:	0	?
Sys.msg	14	EDITEdb:	1	System Error -> ParamKO
Sys.msg	14	EDITEdb:	2	Memoria insuficiente
Sys.msg	14	EDITEdb:	3	System Error -> PuntKO
Sys.msg	14	EDITEdb:	4	Fin de los pasos de programa de tipo PGM
Sys.msg	14	EDITEdb:	5	Código interno del lenguaje Xiso no válido
Sys.msg	14	EDITEdb:	6	System Error -> AlreadyOpen
Sys.msg	14	EDITEdb:	7	Instrucciones diferentes del tipo XisoE
Sys.msg	14	EDITEdb:	8	System Message -> EDITEdb_PollRequest
Sys.msg	14	EDITEdb:	9	System Message -> EDITEdb_PollEnvRequest
Sys.msg	14	EDITEdb:	10	System Message -> EDITEdb_PollAttrRequest
Sys.msg	14	EDITEdb:	11	System Message -> EDITEdb_PollEnvAttrRequest
Sys.msg	14	EDITEdb:	12	System Message -> EDITEdb_NoMore
Sys.msg	14	EDITEdb:	13	System Error -> fnPEStatus_KO
Sys.msg	14	EDITEdb:	14	El programa no ha sido compilado
Sys.msg	14	EDITEdb:	15	Instrucción Header del lenguaje Xiso no encontrada
Sys.msg	14	EDITEdb:	16	System Error -> EDITEdb_XisoPgmErrFound
Sys.msg	14	EDITEdb:	17	System Error -> EDITEdb_BufferOverflow
Sys.msg	14	EDITEdb:	18	System Error -> ToolingStatus_KO
Sys.msg	14	EDITEdb:	19	System Error -> EnvStatus_KO
Sys.msg	14	EDITEdb:	20	Corrección radio herramienta no válida
Sys.msg	14	EDITEdb:	21	Inicio perfil no encontrado
Sys.msg	14	EDITEdb:	22	Introducción no permitida entre la instrucción Header y las instrucciones de tipo PAR
Sys.msg	14	EDITEdb:	23	Modificación del ciclo fijo virtual no permitida
Sys.msg	14	EDITEdb:	24	Cancelación del ciclo fijo virtual no permitida
Sys.msg	15	GRep:	0	?
Sys.msg	15	GRep:	1	System Error -> ParamKO
Sys.msg	15	GRep:	2	Memoria insuficiente
Sys.msg	15	GRep:	3	System Error -> PuntKO
Sys.msg	15	GRep:	4	(%s) Error durante la apertura del file
Sys.msg	15	GRep:	5	(%s) Error durante el cierre del file
Sys.msg	15	GRep:	6	(%s) Error durante el posicionamiento al interior del file
Sys.msg	15	GRep:	7	(%s) Error durante la escritura del file
Sys.msg	15	GRep:	8	(%s) Error durante la lectura del file
Sys.msg	15	GRep:	9	System Error -> BufferKO
Sys.msg	15	GRep:	10	System Error -> DEFChainIsNotEmpty
Sys.msg	15	GRep:	11	System Error -> FlushBufferKO
Sys.msg	15	GRep:	12	System Error -> ParamKO
Sys.msg	16	xMETAdb:	0	?
Sys.msg	16	xMETAdb:	1	System Error -> ParamKO
Sys.msg	16	xMETAdb:	2	Memoria insuficiente
Sys.msg	16	xMETAdb:	3	System Error -> PuntKO
Sys.msg	16	xMETAdb:	4	Fin de los pasos de programa de tipo PGM
Sys.msg	16	xMETAdb:	5	System Error -> AlreadyOpen
Sys.msg	16	xMETAdb:	6	El programa no ha sido compilado
Sys.msg	16	xMETAdb:	7	System Error -> xMetaNotOpen
Sys.msg	16	xMETAdb:	8	System Error -> BufferOverflow
Sys.msg	16	xMETAdb:	9	Código interno del lenguaje Xiso no válido
Sys.msg	16	xMETAdb:	10	Posición corriente al inicio programa
Sys.msg	16	xMETAdb:	11	Demasiados par metros
Sys.msg	16	xMETAdb:	12	(%s) File no encontrado
Sys.msg	16	xMETAdb:	13	(%s) File de tipo \'Env\' no encontrado
Sys.msg	16	xMETAdb:	14	(%s) Ciclo fijo no encontrado
Sys.msg	16	xMETAdb:	15	(%s) Subprograma no encontrado
Sys.msg	16	xMETAdb:	16	Programa con errores de compilación
Sys.msg	16	xMETAdb:	17	Nivel de anidamiento del subprograma no válido
Sys.msg	16	xMETAdb:	18	Nivel de anidamiento del ciclo fijo no válido
Sys.msg	16	xMETAdb:	19	Par metro de tipo Parent no programada
Sys.msg	16	xMETAdb:	20	System Error -> DefinedBitNotValid
Sys.msg	16	xMETAdb:	21	Símbolo no definido
Sys.msg	16	xMETAdb:	22	System Message -> xMETAdb_StartSubFrame
Sys.msg	16	xMETAdb:	23	System Message -> EndSubFrame
Sys.msg	16	xMETAdb:	24	System Error -> SubFrameNotPresent
Sys.msg	16	xMETAdb:	25	System Error -> RewindFrameFailed
Sys.msg	16	xMETAdb:	26	(Línea %D) Herramienta no definida
Sys.msg	16	xMETAdb:	27	(Línea %D) Herramienta no compatible con la cara implementada
Sys.msg	16	xMETAdb:	28	System Error -> xAbsNotReady
Sys.msg	16	xMETAdb:	29	System Error -> xAbsSizeGenCodeKO
Sys.msg	16	xMETAdb:	30	Secuencia del perfil no encontrada
Sys.msg	16	xMETAdb:	31	(Línea %D) ATP/G5 no existente
Sys.msg	16	xMETAdb:	32	(Línea %D) Par metro G de la instrucción ATP/G5 no válido
Sys.msg	16	xMETAdb:	33	(Línea %D) Demasiadas herramientas planteadas
Sys.msg	16	xMETAdb:	34	(Línea %D) Inicio perfil no encontrado
Sys.msg	16	xMETAdb:	35	(Línea %D) Cambio cara no permitido
Sys.msg	16	xMETAdb:	36	Valor de P no válido
Sys.msg	16	xMETAdb:	37	(Línea %D) Valor del radio del arco no válido
Sys.msg	16	xMETAdb:	38	System Error -> (Línea %D) InvalidAutoProfile
Sys.msg	16	xMETAdb:	39	System Error -> (Línea %D) InvalidPuntAutoProfile
Sys.msg	16	xMETAdb:	40	(Línea %D) Sobreposición demasiado largo
Sys.msg	16	xMETAdb:	41	System Error -> xMetaGRepBufferWrong
Sys.msg	16	xMETAdb:	42	(Línea <= %D) System Error -> InvalidGRepProf
Sys.msg	16	xMETAdb:	43	(Línea <= %D) Recorrido no válido del perfil con la herramienta de tipo fresa de disco
Sys.msg	16	xMETAdb:	44	(Línea <= %D) Angulo no válido del perfil con herramienta de tipo fresa de disco
Sys.msg	16	xMETAdb:	45	Cota X no válida del perfil con herramienta de tipo fresa de disco
Sys.msg	16	xMETAdb:	46	Cota Y no válida del perfil con herramienta de tipo fresa de disco
Sys.msg	16	xMETAdb:	47	(Línea <= %D) Cota Z no válida del perfil con herramienta de tipo fresa de disco
Sys.msg	16	xMETAdb:	48	(Línea <= %D) Largo del perfil menor de la incisión de la herramienta de tipo fresa de disco
Sys.msg	16	xMETAdb:	49	(Línea <= %D) Largo no válido de la herramienta de tipo fresa de disco
Sys.msg	16	xMETAdb:	50	(Línea <= %D) Dirección no válida del perfil con herramienta de tipo fresa de disco
Sys.msg	16	xMETAdb:	51	(Línea %D) Valor del radio de la herramienta no válido
Sys.msg	16	xMETAdb:	52	(Línea <= %D) Nombre del perfil inexistente
Sys.msg	16	xMETAdb:	53	(Línea %D) %s
Sys.msg	16	xMETAdb:	54	(Línea <= %D) Posición programada del Universal no válida
Sys.msg	16	xMETAdb:	55	xMETAdb_xMetaStack_Overflow
Sys.msg	16	xMETAdb:	56	xMETAdb_xMetaStack_UtilBufferKO
Sys.msg	16	xMETAdb:	57	(Línea %D) xMETAdb_TValueNotFound
Sys.msg	16	xMETAdb:	58	(Línea %D) Instrucción del lenguaje no reconocida
Sys.msg	16	xMETAdb:	59	File cambio de herramientas no encontrado
Sys.msg	16	xMETAdb:	60	xMETAdb_xAbsInProgress
Sys.msg	16	xMETAdb:	61	(Línea %D) Mecanizado en Z superior a la longitud útil del la herramienta
Sys.msg	16	xMETAdb:	62	System Error -> (Línea %D) Parámetro de cálculo corrección no válido
Sys.msg	16	xMETAdb:	63	(Línea %D) Offset en corrección del segmento no válido
Sys.msg	16	xMETAdb:	64	(Línea %D) Offset en corrección del arco no válido
Sys.msg	16	xMETAdb:	65	(Línea %D) Herramienta no válida
Sys.msg	16	xMETAdb:	66	(Línea %D) Ángulo de entrada para BR no válido
Sys.msg	16	xMETAdb:	67	(Línea <= %D) G0R,G1R,... no pueden ser mezclados con G0,G1,...
Sys.msg	16	xMETAdb:	68	(Línea <= %D) Corrección herramienta no autorizada
Sys.msg	16	xMETAdb:	69	(Línea %D) Posición de la instrucción ISO no válida
Sys.msg	16	xMETAdb:	70	(Línea %D) Perforadora %D (Cabezal %D) ausente
Sys.msg	16	xMETAdb:	71	(Línea %D) Electromandril %D (Cabezal %D) ausente
Sys.msg	16	xMETAdb:	72	(Línea %D) Electromandril %D (Cabezal %D) convertidor de frecuencia ausente
Sys.msg	16	xMETAdb:	73	(Línea %D) Multi-elaboración con electromandril %D no válida
Sys.msg	16	xMETAdb:	74	(Línea %D) Herramienta E%D solicitada simultáneamente en varios electromandriles 
Sys.msg	16	xMETAdb:	75	(Línea %D) Convertidor de frecuencia del electromandril %D ocupado
Sys.msg	16	xMETAdb:	76	(Línea %D) Tipo de broca para orificio no válida
Sys.msg	16	xMETAdb:	77	(Línea %D) Factor de escala no válido
Sys.msg	16	xMETAdb:	78	(Línea %D) Elaboración en Z no valida
Sys.msg	16	xMETAdb:	79	(Línea <= %D) Inicio perfil menor que la incisión del radio de herramienta
Sys.msg	16	xMETAdb:	80	(Línea <= %D) Fin perfil menor que la incisión del radio de la herramienta
Sys.msg	16	xMETAdb:	81	(Línea %D) Conexión no permitida
Sys.msg	16	xMETAdb:	82	(Línea <= %D) Conexión inexistente
Sys.msg	16	xMETAdb:	83	(Línea <= %D) El valor del radio de la conexión debe ser positivo
Sys.msg	16	xMETAdb:	84	(Línea %D) Chaflán no permitido
Sys.msg	16	xMETAdb:	85	(Línea <= %D) Chaflán inexistente
Sys.msg	16	xMETAdb:	86	(Línea <= %D) El valor de la distancia del chaflán debe ser positivo
Sys.msg	16	xMETAdb:	87	(Línea %D) Componente de la instrucción  EC del lenguaje no reconocido
Sys.msg	16	xMETAdb:	88	xMETAdb_StepUntilInProgress
Sys.msg	16	xMETAdb:	89	xMETAdb_EndStepUntil
Sys.msg	16	xMETAdb:	90	(Línea %D) Eje %s no presente
Sys.msg	16	xMETAdb:	91	xMETAdb_TA_StepRequest
Sys.msg	16	xMETAdb:	92	xMETAdb_Input_StepRequest
Sys.msg	16	xMETAdb:	93	(Línea %D) Instrucción GSET no permitida
Sys.msg	16	xMETAdb:	94	(Línea %D) Instrucción SO no permitida
Sys.msg	16	xMETAdb:	95	(Línea %D) Instrucción REF no permitida
Sys.msg	16	xMETAdb:	96	(Línea %D) Input sin mensaje no permitido
Sys.msg	16	xMETAdb:	97	(Línea <= %D) Error %D del Database STP
Sys.msg	16	xMETAdb:	98	(Línea %D) Palpadura no admitida durante una sesión de optimización herramientas
Sys.msg	16	xMETAdb:	99	(Línea %D) Petición de Input no admitida durante una sesión de optimización paramétrica
Sys.msg	16	xMETAdb:	100	(Línea %D) La herramienta %d pertenece a una cabeza flotante en Y y puede configurarse sólo por el lado 1
Sys.msg	16	xMETAdb:	101	(Línea %D) La herramienta %d pertenece a una cabeza flotante en Y y puede configurarse sólo como BROCA
Sys.msg	16	xMETAdb:	102	(Línea %D) La herramienta %d pertenece a una cabeza flotante en Y y puede utilizarse sólo durante el taladrado
Sys.msg	16	xMETAdb:	103	(Línea <= %D) Perfil 3D inválido, instrucciones del perfil incompatibles
Sys.msg	16	xMETAdb:	104	(Línea %D) Las instrucciones: MSG; XMSG; TA; XTA, no están soportadas por este tipo de C.N.
Sys.msg	16	xMETAdb:	105	(Línea %D) La cota programada en el campo E no es compatible con las características mecánicas de la campana
Sys.msg	16	xMETAdb:	106	(Línea <= %D) Fin de carrera de por lo menos unos de los ejes de la Cabeza 3D
Sys.msg	16	xMETAdb:	107	(Línea %D) Cabeza incompatible para un perfil de tipo 3D
Sys.msg	16	xMETAdb:	108	(Línea %D) Herramienta incompatible con el Cabezal 3D
Sys.msg	16	xMETAdb:	109	(Línea %D) Configuración del Ángulo A_B de la herramienta del Cabezal 3D inválido
Sys.msg	16	xMETAdb:	110	(Riga %D) Mesa Inclinada o instrucción 'ROT' incompatible con perfiles de tipo 3D
Sys.msg	16	xMETAdb:	111	(Línea %D) Cabeza incompatible para perfiles de tipo R
Sys.msg	16	xMETAdb:	112	(Línea %D) Configuración del Offset R de la herramienta del Cabezal 3D inválido
Sys.msg	16	xMETAdb:	113	(Línea = %D) Posición de la Cabeza 3D imposible de alcanzar
Sys.msg	16	xMETAdb:	114	(Línea <= %D) Sincronización imposible entre electromandril y taladradora (T%D y T%D)
Sys.msg	16	xMETAdb:	115	(Línea <= %D) Sincronización imposible entre cabezas principales y secundarias (T%D y T%D)
Sys.msg	16	xMETAdb:	116	(Línea %D) Estado inválido de la Morsa
Sys.msg	16	xMETAdb:	117	(Línea %D) Estado inválido del mando (E)
Sys.msg	16	xMETAdb:	118	(Línea %D) Número inválido de la vigueta
Sys.msg	16	xMETAdb:	119	(Línea %D) Coordenada X no programada
Sys.msg	16	xMETAdb:	120	(Línea %D) Coordenada X inválida
Sys.msg	16	xMETAdb:	121	(Línea %D) PB no homogéneas en el interior del mismo bloqueo
Sys.msg	16	xMETAdb:	122	(Línea %D) Programación de la misma traviesa en el interior del mismo bloqueo
Sys.msg	16	xMETAdb:	123	(Línea %D) Secuencia inválida de bloqueo pieza
Sys.msg	16	xMETAdb:	124	(Línea %D) Secuencia inválida de bloqueo pieza, posicionamiento en semi-automático no permitido
Sys.msg	16	xMETAdb:	125	Configuración del especular del tope del área inválida con la programación de las instrucciones PB
Sys.msg	16	xMETAdb:	126	(Línea <= %D) Uso cabezas fijas T1 y T2 no concedido
Sys.msg	16	xMETAdb:	127	(Línea %D) Instrucciones VT-VROW-ENDVT no admitidas
Sys.msg	16	xMETAdb:	128	Fin de carrera de los ejes del Cabezal 3D: Eje <%s> a la linea %D
Sys.msg	16	xMETAdb:	129	(Línea %D) Palpador no admitido
Sys.msg	16	xMETAdb:	130	(Línea %D) Input con mensaje no admitido
Sys.msg	16	xMETAdb:	131	(Línea %D) Taladrado Optimizado no admitido
Sys.msg	16	xMETAdb:	132	(Línea %D) Instrucción SET F6 no admitida o no inhabilitada
Sys.msg	16	xMETAdb:	133	(Línea %D) Área de trabajo inválida
Sys.msg	16	xMETAdb:	134	(Línea %D) Petición de bloqueo pieza automático no permitida
Sys.msg	16	xMETAdb:	135	(Línea %D) <%s> Recorrido o nombre del fichero incorrecto
Sys.msg	16	xMETAdb:	136	(Línea %D) Programación del bloque de instrucción PB con la traviesa n°%D incongruente a la secuencia del bloqueo pieza en %s
Sys.msg	16	xMETAdb:	137	(Línea %D) Parámetros 'l'/'L' de GxR no pueden ser negativos
Sys.msg	16	xMETAdb:	138	(Línea %D) GxR no puede ser programada inmediatamente después de la G0 de inicio perfil
Sys.msg	16	xMETAdb:	139	(Línea %D) El Pre-Tramo 'l' de GxR no puede caer antes de la G0 de inicio perfil
Sys.msg	16	xMETAdb:	140	(Línea %D) GxR no puede ser programada después de la última instrucción del perfil
Sys.msg	16	xMETAdb:	141	(Línea %D) El Post-Tramo 'L' de GxR no puede caer después del final del perfil
Sys.msg	16	xMETAdb:	142	(Línea %D) El Pre-Tramo de GxR no puede sobreponerse con el Post-Tramo de la GxR precedente
Sys.msg	16	xMETAdb:	143	(Línea %D) No se puede calcular el Offset R de GxR en automático : es necesario programar el perfil en corrección DX/SX
Sys.msg	16	xMETAdb:	144	(Línea %D) El dispositivo en la Cabeza n°%D no es compatible con la herramienta n°%D
Sys.msg	16	xMETAdb:	145	(Línea %D) El dispositivo en la Cabeza n°%D o la herramienta n°%D no es compatible con la instrucción %s
Sys.msg	16	xMETAdb:	146	(Línea %D) La configuración del Ángulo A_B de la herramienta n°%D no es compatible con el dispositivo en el mandril
Sys.msg	16	xMETAdb:	147	(Línea %D) El radio (%g mm) de la herramienta n°%D es mayor que el máximo radio permitido (%g mm). Véase la configuración de la Cabeza n°%D
Sys.msg	16	xMETAdb:	148	(Línea %D) El sentido de rotación de la herramienta n°%D no es compatible con la opción PALETA
Sys.msg	16	xMETAdb:	150	(Línea %D) Trabajo de chapado ya iniciado
Sys.msg	16	xMETAdb:	151	(Línea %D) Entrada de ribeteado no admitido
Sys.msg	16	xMETAdb:	152	(Línea %D) Cierre de ribeteado no admitido
Sys.msg	16	xMETAdb:	153	(Línea %D) Salida de ribeteado no admitida
Sys.msg	16	xMETAdb:	154	(Línea <= %D) Secuencia del perfil durante un ribeteado no válida
Sys.msg	16	xMETAdb:	155	(Línea <= %D) Corrección del perfil durante un ribeteado no válida
Sys.msg	16	xMETAdb:	156	(Línea <= %D) Parámetros de entrada ribeteado no válidos
Sys.msg	16	xMETAdb:	157	(Línea <= %D) Parámetros de salida ribeteado no válidos
Sys.msg	16	xMETAdb:	158	(Línea <= %D) Cierre de ribeteado no válido
Sys.msg	16	xMETAdb:	159	(Línea <= %D) Cálculo del punto de salida ECLOSE no válido
Sys.msg	16	xMETAdb:	160	(Línea <= %D) Gx más allá del inicio o del final del perfil
Sys.msg	16	xMETAdb:	161	(Línea <= %D) Parámetros de Gx ribeteado no válidos
Sys.msg	16	xMETAdb:	162	(Línea <= %D) Cota eje vector de ribeteado no válido
Sys.msg	16	xMETAdb:	163	(Línea <= %D) Instrucciones de liberación canto no admitidas
Sys.msg	16	xMETAdb:	164	(Línea <= %D) Cierre ribeteado no admitido, falta G0 inicio perfil
Sys.msg	16	xMETAdb:	165	(Línea <= %D) Cierre ribeteado efectuado
Sys.msg	16	xMETAdb:	166	(Línea <= %D) Salida ribeteado no admitida, falta G0 inicio perfil
Sys.msg	16	xMETAdb:	167	(Línea <= %D) Cierre ribeteado efectuado, imposible otros tratamientos
Sys.msg	16	xMETAdb:	168	(Línea <= %D) G0 inicio ribeteado efectuado
Sys.msg	16	xMETAdb:	169	(Línea <= %D) La primera sección G1/G2/G3 no puede coincidir con G0
Sys.msg	16	xMETAdb:	170	(Línea <= %D) La última sección G1/G2/G3 no puede estar en el sitio
Sys.msg	16	xMETAdb:	171	(Línea <= %D) La G0R no puede intervenir durante un ribeteado
Sys.msg	16	xMETAdb:	172	(Línea <= %D) Distancia RV desde G0 usuario no definida o no positiva
Sys.msg	16	xMETAdb:	173	(Línea <= %D) Inclinación RV desde G0 usuario >= 0 y < 180
Sys.msg	16	xMETAdb:	174	(Línea <= %D) Inclinación bajada desde RV >= 0 y < 180
Sys.msg	16	xMETAdb:	175	(Línea <= %D) Proyección de la distancia RV desde G0 usuario menor del radio Rodillo Cola
Sys.msg	16	xMETAdb:	176	(Línea <= %D) Distancia bajada desde RV debe ser >= 0
Sys.msg	16	xMETAdb:	177	(Línea <= %D) Cierre imposible, los puntos inicial y final no coinciden
Sys.msg	16	xMETAdb:	178	(Línea <= %D) Dimensión del Radio Rodillo Cola no válida
Sys.msg	16	xMETAdb:	179	(Línea <= %D) Corrección del perfil durante una entrada en ribeteado no válida
Sys.msg	16	xMETAdb:	180	(Línea <= %D) En el ribeteado, la secciones contiguas deben ser tangentes
Sys.msg	16	xMETAdb:	181	(Línea <= %D) No se ha respetado el vínculo en el radio de curva mínimo
Sys.msg	16	xMETAdb:	182	(Línea = %D) Herramienta %D no configurada
Sys.msg	16	xMETAdb:	183	(Línea %D) N° Canto no comprendido entre 1 y 6
Sys.msg	16	xMETAdb:	184	(Línea %D) La corrección debe ser izq. o der.
Sys.msg	16	xMETAdb:	185	(Línea %D) Canal B no definido en el equipamiento
Sys.msg	16	xMETAdb:	186	(Línea %D) Canal D no definido en el equipamiento
Sys.msg	16	xMETAdb:	187	(Línea %D) Faltan las cotas X Y o los nombres de los perfiles N
Sys.msg	16	xMETAdb:	188	(Línea %D) Hay que definir correctamente el campo N
Sys.msg	16	xMETAdb:	189	(Línea %D) Método Q = [1,2]
Sys.msg	16	xMETAdb:	190	(Línea %D) Inclinación 'a' = [0° ... 360°]
Sys.msg	16	xMETAdb:	191	(Línea %D) Número pasaje G = [1,2]
Sys.msg	16	xMETAdb:	192	(Línea %D) La herramienta pasada no está definida o no es una fresa de disco
Sys.msg	16	xMETAdb:	193	(Línea %D) Los dos perfiles/trechos no tienen un punto en común
Sys.msg	16	xMETAdb:	194	(Línea %D) Los perfiles pasados determinan un punto sin validez
Sys.msg	16	xMETAdb:	195	Zona de trabajo no apta con el multigrupo
Sys.msg	16	xMETAdb:	196	(Línea <= %D) Chapeado permitido sólo en cara 1
Sys.msg	16	xMETAdb:	197	(Línea %D) No se puede fresar un perfil de chapado
Sys.msg	16	xMETAdb:	198	(Línea <= %D) No se puede chapar con SET SCALE diferente de 1
Sys.msg	16	xMETAdb:	199	(Línea <= %D) El radio de curvatura durante INS_ASTA es demasiado pequeño
Sys.msg	16	xMETAdb:	200	(Línea %D) Instrucción válida sólo para el chapado
Sys.msg	16	xMETAdb:	201	(Línea %D) Rotación chapadora no posible
Sys.msg	16	xMETAdb:	202	(Línea <= %D) La cizalla para corte multi-canto no se puede accionar en entrada chapeado
Sys.msg	16	xMETAdb:	203	(Línea <= %D) Error en la búsqueda cota Rodillo Prensor en el punto R1INI
Sys.msg	16	xMETAdb:	204	(Línea <= %D) Error en la búsqueda cota Rodillo Prensor en GX Up
Sys.msg	16	xMETAdb:	205	(Línea <= %D) Error en la búsqueda cota Rodillo Prensor durante Paso 2
Sys.msg	16	xMETAdb:	206	(Línea <= %D) Error en la búsqueda cota Rodillo Prensor durante Paso 3
Sys.msg	16	xMETAdb:	207	(Línea <= %D) La distancia de muestreo para RP debe ser >= 1 mm
Sys.msg	16	xMETAdb:	208	(Línea <= %D) Cota Rodillo Prensor por debajo de la distancia mínima del depósito cola
Sys.msg	16	xMETAdb:	209	(Línea <= %D) Cota Rodillo Prensor por encima de la distancia máxima del depósito cola
Sys.msg	16	xMETAdb:	210	(Línea <= %D) Imposible desplazar hacia adelante el punto final, controlar I de ECLOSE.
Sys.msg	16	xMETAdb:	211	(Línea <= %D) Imposible desplazar hacia atrás el punto final, controlar I de ECLOSE.
Sys.msg	16	xMETAdb:	212	(Línea <= %D) El perfil para FRESA+SOPLADOR no puede ser tipo R
Sys.msg	16	xMETAdb:	213	(Línea <= %D) El perfil para FRESA+SOPLADOR debe estar programado en corrección IZDA o DCHA
Sys.msg	16	xMETAdb:	214	(Línea <= %D) Utilizando FRESA+SOPLADOR, las secciones contiguas deben ser tangentes
Sys.msg	16	xMETAdb:	215	(Línea <= %D) Utilizando FRESA+SOPLADOR, no se ha respetado el vínculo en el radio de curvatura mínimo
Sys.msg	16	xMETAdb:	216	(Línea <= %D) Utilizando FRESA+SOPLADOR, no se ha respetado el vínculo en el radio de curvatura mínimo
Sys.msg	16	xMETAdb:	217	(Línea <= %D) Gestión FRESA+SOPLADOR, error en la búsqueda cota Vector durante Paso 1
Sys.msg	16	xMETAdb:	218	(Línea <= %D) Gestión FRESA+SOPLADOR, error en la búsqueda cota Vector durante Paso 2
Sys.msg	16	xMETAdb:	219	(Línea <= %D) La distancia de muestreo para FRESA+SOPLADOR debe ser >= 1 mm
Sys.msg	16	xMETAdb:	220	(Línea <= %D) La interpolación del soplador en el perfil supone un final de carrera eje C
Sys.msg	16	xMETAdb:	221	(Línea <= %D) No es posible utilizar FRESA+SOPLADOR en las áreas especulares
Sys.msg	16	xMETAdb:	222	(Línea %D) Faltan las cotas X Y de la arista a radiar
Sys.msg	16	xMETAdb:	223	(Línea %D) No Canto B ó D no incluido entre 1 y 6
Sys.msg	16	xMETAdb:	224	(Línea %D) Hay que programar las inclinaciones Q/R de los dos perfiles
Sys.msg	16	xMETAdb:	225	(Línea %D) La herramienta pasada no está definida o no es una fresa de disco para Radiado
Sys.msg	16	xMETAdb:	226	(Línea %D) Los dos perfiles declarados deben formar un ángulo agudo
Sys.msg	16	xMETAdb:	227	(Línea %D) Área de trabajo no admitida con trabajo TWIN
Sys.msg	16	xMETAdb:	228	(Línea %D) Parámetros herramientas en trabajo TWIN no compatibles
Sys.msg	16	xMETAdb:	229	(Línea %D) La herramienta pasada no está definida o no es una fresa de disco con copiador para Retesteado
Sys.msg	16	xMETAdb:	230	(Línea %D) La herramienta pasada no está definida o no es una fresa de disco con copiador para Radiado
Sys.msg	16	xMETAdb:	239	(Línea %D) Cara de trabajo (%D) incorrecta
Sys.msg	16	xMETAdb:	240	(Línea %D) Velocidad en G0 de Chapado no programado
Sys.msg	16	xMETAdb:	260	(Línea %D) La distancia programada de la trayectoria de trabajo de la paleta no es válida. La excursión no está incluida entre 0 y el radio herramienta. El desplazamiento es de '%g mm'.
Sys.msg	16	xMETAdb:	261	(Línea %D) El radio paleta de '%g mm' no es válido
Sys.msg	16	xMETAdb:	262	(Línea %D) La distancia de '%g mm' de la trayectoria de trabajo de la paleta es mayor que el radio de la paleta '%g mm'. Posición no alcanzable.
Sys.msg	16	xMETAdb:	263	(Línea %D) La habilitación de los frenos sobre los Ejes Rotativos no es compatible con la instrucción %s
Sys.msg	16	xMETAdb:	264	(Línea %D) Petición de movimentación del Eje Rotativo '%c' no permitida, freno habilitado
Sys.msg	16	xMETAdb:	265	(Línea <= %D) Corrección herramienta no admitida con herramienta hoja a 90°, utilice las instrucciones 'G0','G1'
Sys.msg	16	xMETAdb:	266	(Línea <= %D) Parámetro 'IC' no válido con herramienta hoja en corrección, utilizar 'IC=1' o 'IC=2'
Sys.msg	16	xMETAdb:	267	(Línea %D) Posible choque entre el dispositivo paleta y el perfil en curso. G1 con rotación sobre el puesto, C=%D, G%D, ARDiff=%g° mayor que ARToll=%g°
Sys.msg	16	xMETAdb:	268	(Línea %D) Corrección herramienta no habilitada con el dispositivo paleta. Utilizar 'C1' o 'C2'
Sys.msg	16	xMETAdb:	269	(Línea %D) Posible choque entre el dispositivo paleta y el perfil en curso. Ángulo Trabajo Paleta Mínimo Calculado(%g°) menor del Límite Mímino ALP Programado(%g°)
Sys.msg	16	xMETAdb:	270	(Línea %D) Posible choque entre el dispositivo paleta y el perfil en curso. Ángulo Trabajo Paleta(%g°) no válido
Sys.msg	16	xMETAdb:	271	(Línea %D) Dispositivo paleta no admitido con el parámetro 'L' de la instrucción GOUT. La sobreposición sobre el 1° tramo no está permitida.
Sys.msg	16	xMETAdb:	272	(Línea %D) Programación de la traviesa n°%D no válida o mayor que el número máximo por área configurado (%D).
Sys.msg	16	xMETAdb:	273	(Línea %D) Programación de la zona n°%D de bloqueo de la traviesa no válida o mayor que el número máximo por área configurado (%D).
Sys.msg	16	xMETAdb:	274	(Línea %D) Programación del bloqueo de la traviesa no válida en ausencia del número de la traviesa.
Sys.msg	16	xMETAdb:	275	(Línea %D) La traviesa programada n°%D, convertida en la física n°%D, no permite mecánicamente el bloqueo.
Sys.msg	16	xMETAdb:	276	(Línea %D) Requerimiento de la zona de bloqueo n°%D no válido o superior al número máximo para la mesa configurada (%D).
Sys.msg	16	xMETAdb:	277	(Riga %D) Posición contrapuesta de la Cabeza 3D no encontrada.
Sys.msg	16	xMETAdb:	278	(Línea %D) Con alimentación mediante Robot no se admiten desplazamientos durante la fase de bloqueo (E=2).
Sys.msg	16	xMETAdb:	279	(Línea %D) Con alimentación mediante Robot el tipo de bloqueo tiene que ser automático (V=21).
Sys.msg	16	xMETAdb:	280	(%s,%D) Error inesperado: [%s]
Sys.msg	16	xMETAdb:	281	(Línea %D) La sede programada n°%D del mandril n°%D del dispositivo PALETA no está configurada.
Sys.msg	16	xMETAdb:	282	(Línea %D) La sesión de la Mesa CombiFlex ya se ha abierto.
Sys.msg	16	xMETAdb:	283	(Línea %D) La sesión de la Mesa CombiFlex tiene que abrirse.
Sys.msg	16	xMETAdb:	284	(Línea %D) La mesa de trabajo CombiFlex no está definida o presenta un valor no admitido.
Sys.msg	16	xMETAdb:	285	(Línea %D) La mesa de trabajo CombiFlex no está definida o presenta un valor no admitido.
Sys.msg	16	xMETAdb:	286	(Línea %D) La morsa CombiFlex no está definida o presenta un valor no admitido.
Sys.msg	16	xMETAdb:	287	(Línea %D) La sesión de la Mesa CombiFlex tiene que cerrarse.
Sys.msg	16	xMETAdb:	288	(Línea %D) El parámetro %s de la instrucción %s tiene que programarse.
Sys.msg	16	xMETAdb:	289	(Línea %D) El parámetro %s de la instrucción %s no se puede reprogramar.
Sys.msg	17	Country:	0	?
Sys.msg	17	Country:	1	Module busy
Sys.msg	17	Country:	2	Module free
Sys.msg	17	Country:	3	Invalid filename
Sys.msg	17	Country:	4	Not enough memory
Sys.msg	17	Country:	5	Cannot open file
Sys.msg	17	Country:	6	Too many entries
Sys.msg	17	Country:	7	Missing current flag
Sys.msg	17	Country:	8	Missing next flag
Sys.msg	17	Country:	9	Invalid measure system
Sys.msg	17	Country:	10	Cannot open file 'macro.msg'
Sys.msg	17	Country:	11	Macro-message ('macro.msg') out of range
Sys.msg	17	Country:	12	Cannot open file 'multifunz.msg'
Sys.msg	17	Country:	13	MultifuncionalField-message ('multifunz.msg') out of range
Sys.msg	17	Country:	14	Cannot open file 'sys.msg'
Sys.msg	17	Country:	15	Cannot seek file 'sys.msg'
Sys.msg	17	Country:	16	System message out of range
Sys.msg	17	Country:	17	System module out of range
Sys.msg	17	Country:	18	Cannot open file 'app.msg'
Sys.msg	17	Country:	19	Cannot seek file 'app.msg'
Sys.msg	17	Country:	20	Application message out of range
Sys.msg	17	Country:	21	Application module out of range
Sys.msg	17	Country:	22	Cannot open file 'edge.msg'
Sys.msg	17	Country:	23	Not enough buffer
Sys.msg	17	Country:	24	Missing international code
Sys.msg	17	Country:	25	Cannot open file 'cyc.msg'
Sys.msg	17	Country:	26	Cyc-message out of range
Sys.msg	17	Country:	27	Edge-message ('edge.msg') out of range
Sys.msg	17	Country:	28	Cannot open file 'axis.msg'
Sys.msg	17	Country:	29	Axis-message out of range
Sys.msg	18	Dbms(%s):	0	?
Sys.msg	18	Dbms(%s):	1	El database ya está conectado a un file
Sys.msg	18	Dbms(%s):	2	Tipo de gestión no disponible
Sys.msg	18	Dbms(%s):	3	RTDB debe contener por lo menos un record
Sys.msg	18	Dbms(%s):	4	Número de record no existente en el database
Sys.msg	18	Dbms(%s):	5	No hay una memoria suficiente
Sys.msg	18	Dbms(%s):	6	La dimensión de los record en RTDB es demasiado grande (m x 65500 byte)
Sys.msg	18	Dbms(%s):	7	El database no está conectado a ning£n file
Sys.msg	18	Dbms(%s):	8	El file no existe
Sys.msg	18	Dbms(%s):	9	El file asociado al database está abierto
Sys.msg	18	Dbms(%s):	10	El file asociado al database está cerrado
Sys.msg	18	Dbms(%s):	11	Número de record no existente en RTDB
Sys.msg	18	Dbms(%s):	12	El record no ha sido encontrado en el file (fseek error)
Sys.msg	18	Dbms(%s):	13	El record no ha sido le¡do (fread error)
Sys.msg	18	Dbms(%s):	14	El record no ha sido escrito (fwrite error)
Sys.msg	18	Dbms(%s):	15	Posición del elemento no válida
Sys.msg	18	Dbms(%s):	16	El file no ha sido creado (fopen error)
Sys.msg	18	Dbms(%s):	17	Formato ASCII de elemento no válido
Sys.msg	18	Dbms(%s):	18	Objeto ADODB.Recordset no creado
Sys.msg	18	Dbms(%s):	19	Esquema vacío
Sys.msg	18	Dbms(%s):	20	Error en la creación de las columnas
Sys.msg	18	Dbms(%s):	21	Error durante el desplazamiento del cursor
Sys.msg	18	Dbms(%s):	22	Nombre del fichero vacío, el DB no ha sido creado o no estamos conectados
Sys.msg	18	Dbms(%s):	23	El número de líneas de la tabla debe ser mayor que 0
Sys.msg	18	Dbms(%s):	24	Error en la creación de las líneas
Sys.msg	18	Dbms(%s):	25	Error en la apertura del DB
Sys.msg	18	Dbms(%s):	26	Error en el get del DB
Sys.msg	18	Dbms(%s):	27	Error en el put en el DB
Sys.msg	18	Dbms(%s):	28	Error en el find del DB
Sys.msg	18	Dbms(%s):	29	Error durante el movimiento en los record
Sys.msg	18	Dbms(%s):	30	Error en el orden del recordset
Sys.msg	18	Dbms(%s):	31	Error en la búsqueda de la columna
Sys.msg	18	Dbms(%s):	32	Operación no admitida con el DataBase abierto
Sys.msg	18	Dbms(%s):	33	Operación no admitida con el DataBase cerrado
Sys.msg	18	Dbms(%s):	34	El apuntador NULL o parámetros no correctos!
Sys.msg	18	Dbms(%s):	35	Error durante la carga del fichero datos
Sys.msg	18	Dbms(%s):	36	Las informaciones relativas a la tabla no se han encontrado
Sys.msg	18	Dbms(%s):	37	Error durante la carga de record
Sys.msg	18	Dbms(%s):	38	Error durante la carga de los datos de un campo
Sys.msg	18	Dbms(%s):	39	El recordset no es válido o bien está vacío
Sys.msg	18	Dbms(%s):	40	La tabla para abrir no corresponde a la solicitud del esquema
Sys.msg	18	Dbms(%s):	41	La versión del fichero de persistencia es incongruente respecto de la prevista del esquema
Sys.msg	18	Dbms(%s):	42	El fichero no detalla la indicación de la versión
Sys.msg	18	Dbms(%s):	43	Error durante la memorización del fichero datos
Sys.msg	18	Dbms(%s):	44	Error durante la carga de los datos del formato RTDB
Sys.msg	18	Dbms(%s):	45	Error, en el fichero de esquema se ha especificado un tipo de dato no admitido
Sys.msg	18	Dbms(%s):	46	El fichero de esquema no se encuentra
Sys.msg	18	Dbms(%s):	47	Creación del fichero
Sys.msg	18	Dbms(%s):	48	Conversión del fichero
Sys.msg	18	Dbms(%s):	49	el fichero de esquema, para la importación de viejos formatos, no se encuentra
Sys.msg	18	Dbms(%s):	50	Nudo patrón no se encuentra en el fichero
Sys.msg	18	Dbms(%s):	51	Tabla no se encuentra
Sys.msg	18	Dbms(%s):	52	Se ha cargado un número de record superior a los del fichero, los añadidos asumen valores de default
Sys.msg	18	Dbms(%s):	53	Atención, el fichero Cfg debe convertirse, el fichero Ini especificado no es del formato necesario para la conversión
Sys.msg	18	Dbms(%s):	54	Atención, el fichero Cfg debe cargarse o crearse, el fichero Ini especificado debe convertirse
Sys.msg	19	Event:	0	?
Sys.msg	19	Event:	1	Not enough memory
Sys.msg	19	Event:	2	Module out of range
Sys.msg	19	Event:	3	File 'xiso.msg' not found
Sys.msg	19	Event:	4	Module Country not openend
Sys.msg	20	FCSpeedD:	0	?
Sys.msg	20	FCSpeedD:	1	System Error -> ParamKO
Sys.msg	20	FCSpeedD:	2	Memoria insuficiente
Sys.msg	20	FCSpeedD:	3	System Error -> PuntKO
Sys.msg	20	FCSpeedD:	4	Dimensión de la tabla de los descriptores de los ciclos fijos demasiado peque¤a
Sys.msg	20	FCSpeedD:	5	Tabla de los descriptores de los ciclos fijos está agotada
Sys.msg	20	FCSpeedD:	6	Ciclo Fijo no encontrado
Sys.msg	20	FCSpeedD:	7	System Error -> InvalidParentDescr
Sys.msg	20	FCSpeedD:	8	Dimensión de la tabla de descriptores de los ciclo fijos \
Sys.msg	20	FCSpeedD:	9	Ciclo Fijo EC no se encuentra
Sys.msg	20	FCSpeedD:	10	System Error -> File (.tab) descriptor de los ciclos fijos no se encuentra
Sys.msg	20	FCSpeedD:	11	Ciclo Fijo EC (%s) no se encuentra
Sys.msg	21	EDITVt:	0	?
Sys.msg	21	EDITVt:	1	System Error -> ParamKO
Sys.msg	21	EDITVt:	2	Memoria insuficiente
Sys.msg	21	EDITVt:	3	System Error -> PuntKO
Sys.msg	21	EDITVt:	4	El programa no ha sido compilado
Sys.msg	21	EDITVt:	5	Instrucción Header del lenguaje Xiso no encontrada
Sys.msg	21	EDITVt:	6	Código interno del lenguaje Xiso no válido
Sys.msg	21	EDITVt:	7	Configuración travesaño fuera dimensión: %d
Sys.msg	21	EDITVt:	8	Configuración ventosas fuera dimensión: %d
Sys.msg	21	EDITVt:	9	Configuración bornes fuera dimensión: %d
Sys.msg	21	EDITVt:	10	Configuración no presente para ventosas y bornes
Sys.msg	22	EDITgpgm:	0	?
Sys.msg	22	EDITgpgm:	1	System Error -> ParamKO
Sys.msg	22	EDITgpgm:	2	Memoria insuficiente
Sys.msg	22	EDITgpgm:	3	System Error -> PuntKO
Sys.msg	22	EDITgpgm:	4	Posición corriente ad inicio programa
Sys.msg	22	EDITgpgm:	5	Posición corriente al final programa
Sys.msg	22	EDITgpgm:	6	Paso de programa de tipo Ascii no encontrado
Sys.msg	22	EDITgpgm:	7	Código interno del lenguaje Xiso no válido
Sys.msg	22	EDITgpgm:	8	Instrucciones de tipo VROW no encontradas
Sys.msg	22	EDITgpgm:	9	Programa demasiado grande
Sys.msg	23	Bag.%s:	0	?
Sys.msg	23	Bag.%s:	1	Número de ventosas demasiado grande
Sys.msg	23	Bag.%s:	2	Número de travesaños demasiado grande
Sys.msg	23	Bag.%s:	3	Memoria insuficiente
Sys.msg	23	Bag.%s:	4	Unidad de medida no admitida
Sys.msg	23	Bag.%s:	5	Herramienta %c%d no configurada
Sys.msg	23	Bag.%s:	6	Área de trabajo no configurada
Sys.msg	23	Bag.%s:	7	%s: acceso incorrecto
Sys.msg	23	Bag.%s:	8	Los almacenes %s deben estar configurados todos los dos random o sea de puestos fijos!
Sys.msg	23	Bag.%s:	9	Error en STOREPOS.CFG : la cantidad de herramientas programada en todos los almacenes rebasa el límite de 96 elementos.
Sys.msg	23	Bag.%s:	10	Imposible activar un nuevo equipo con una herramienta cargada en el electromandril. Primero descargar la herramienta (en MDI).
Sys.msg	23	Bag.%s:	11	Error en el equipo: la herramienta E%d sobrepasa el diámetro máximo admitido.
Sys.msg	23	Bag.%s:	12	Imposible accionar un nuevo equipo con herramientas cargadas en las pinzas navecilla. Primero descargar las herramientas (en MDI).
Sys.msg	23	Bag.%s:	13	Herramienta N: E%d : Número almacén no válido
Sys.msg	23	Bag.%s:	14	Nell'attrezzaggio attivo non vi sono utensili preposti al posizionamento delle ventose.
Sys.msg	23	Bag.%s:	15	L'utensile %c%d (posizionatore ventose) dovrebbe essere configurato di Tipo S (Speciale).
Sys.msg	23	Bag.%s:	16	L'utensile %c%d (posizionatore ventose) dovrebbe essere configurato con Tipo-Di-Pinza uguale a 3.
Sys.msg	23	Bag.%s:	17	L'utensile %c%d (posizionatore ventose) dovrebbe essere configurato con Distanza-Z maggiore di zero e/o Distanza-D maggiore di zero.
Sys.msg	23	Bag.%s:	18	L'utensile %c%d (posizionatore ventose) dovrebbe essere configurato con Angolo-A(B) uguale a zero.
Sys.msg	23	Bag.%s:	19	L'utensile %c%d (posizionatore ventose) dovrebbe essere configurato con Lunghezza-Utensile-Speciale maggiore di zero.
Sys.msg	23	Bag.%s:	20	L'utensile %c%d (posizionatore ventose) dovrebbe essere configurato con Testa-Numero maggiore di zero.
Sys.msg	24	NCI(%d-%d):	0	?
Sys.msg	24	NCI(%d-%d):	1	Memoria insuficiente
Sys.msg	24	NCI(%d-%d):	2	Modalidad no válida
Sys.msg	24	NCI(%d-%d):	3	Todos los canales ocupados
Sys.msg	24	NCI(%d-%d):	4	Abertura de un canal no válida
Sys.msg	24	NCI(%d-%d):	5	¡La comunicación con el CNC no funciona!
Sys.msg	24	NCI(%d-%d):	6	Lectura de un artículo no válido
Sys.msg	24	NCI(%d-%d):	7	Escritura de un artículo no válido
Sys.msg	24	NCI(%d-%d):	8	Lectura de datos de una dirección incorrecta
Sys.msg	24	NCI(%d-%d):	9	Escritura de datos en una dirección incorrecta
Sys.msg	24	NCI(%d-%d):	10	El control numérico no está en modo reset; pulsar RESET y volver a intentarlo
Sys.msg	24	NCI(%d-%d):	11	Longitud no válida para la memoria intermedia del link
Sys.msg	24	NCI(%d-%d):	12	La cola del link está llena; pulsar RESET y volver a intentarlo
Sys.msg	24	NCI(%d-%d):	13	El número del canal es incorrecto
Sys.msg	24	NCI(%d-%d):	14	Solicitud de link no válida
Sys.msg	24	NCI(%d-%d):	15	La memoria intermedia del link no es suficiente
Sys.msg	24	NCI(%d-%d):	16	Mensaje de link ausente
Sys.msg	24	NCI(%d-%d):	17	La memoria intermedia usuario no es suficiente
Sys.msg	24	NCI(%d-%d):	18	Grupo alarma no válido
Sys.msg	24	NCI(%d-%d):	19	Acceso a la memoria denegado; pulsar RESET y volver a intentarlo
Sys.msg	24	NCI(%d-%d):	20	Programa componentes en curso; pulsar RESET y volver a intentarlo
Sys.msg	24	NCI(%d-%d):	21	Archivo origen Iso no hallado
Sys.msg	24	NCI(%d-%d):	22	Archivo de destino Iso ya existente
Sys.msg	24	NCI(%d-%d):	23	Tipo de archivo desconocido
Sys.msg	24	NCI(%d-%d):	24	El control numérico no está en modo reset; pulsar RESET y volver a intentarlo
Sys.msg	24	NCI(%d-%d):	25	Número de programa ISO no admitido
Sys.msg	24	NCI(%d-%d):	26	No hay descarga en curso; pulsar RESET y volver a intentarlo
Sys.msg	24	NCI(%d-%d):	27	La memoria intermedia del timbre está llena; pulsar RESET y volver a intentarlo
Sys.msg	24	NCI(%d-%d):	28	Hay otra descarga en curso; pulsar RESET y volver a intentarlo
Sys.msg	24	NCI(%d-%d):	29	Longitud del segmento no válida
Sys.msg	24	NCI(%d-%d):	30	El control numérico no está en modo drip feed
Sys.msg	24	NCI(%d-%d):	31	Datos incorrectos
Sys.msg	24	NCI(%d-%d):	32	El número del segmento es incorrecto
Sys.msg	24	NCI(%d-%d):	33	El archivo origen Iso está cerrado
Sys.msg	24	NCI(%d-%d):	34	Bloque del programa componentes no válido
Sys.msg	24	NCI(%d-%d):	35	Programa componentes vacío
Sys.msg	24	NCI(%d-%d):	36	No hay trasferencias en curso; pulsar RESET y volver a intentarlo
Sys.msg	24	NCI(%d-%d):	37	Hay otra transferencia en curso; pulsar RESET y volver a intentarlo
Sys.msg	24	NCI(%d-%d):	38	Idioma no disponible
Sys.msg	24	NCI(%d-%d):	39	
Sys.msg	24	NCI(%d-%d):	40	Imposible abrir los archivos de destino para los mensajes de la aplicación
Sys.msg	24	NCI(%d-%d):	41	Demasiados mensajes en la aplicación
Sys.msg	24	NCI(%d-%d):	42	Valor de jog no válido
Sys.msg	24	NCI(%d-%d):	43	Modalidad manual no válida
Sys.msg	24	NCI(%d-%d):	44	Mensaje demasiado largo para los visores
Sys.msg	24	NCI(%d-%d):	45	La opción PARK no está implementada
Sys.msg	24	NCI(%d-%d):	46	Imposible lanzar el programa componentes; pulsar RESET y volver a intentarlo
Sys.msg	24	NCI(%d-%d):	47	VAC-Error de creacisn window
Sys.msg	24	NCI(%d-%d):	48	VAC-Error de registro clase
Sys.msg	24	NCI(%d-%d):	49	VAC-Overflow cola interna mensajes
Sys.msg	24	NCI(%d-%d):	50	VAC-Número puerto serial no válido
Sys.msg	24	NCI(%d-%d):	51	VAC-Línea ya inicializada
Sys.msg	24	NCI(%d-%d):	52	VAC-Baud Rate no válida
Sys.msg	24	NCI(%d-%d):	53	VAC-Número de Data Bits no válido
Sys.msg	24	NCI(%d-%d):	54	VAC-Error de localización memoria para datos BCR
Sys.msg	24	NCI(%d-%d):	55	VAC-Error de inicialización del HW
Sys.msg	24	NCI(%d-%d):	56	VAC-Nombre del device no válido
Sys.msg	24	NCI(%d-%d):	57	VAC-Parámetros predefinidos erróneos
Sys.msg	24	NCI(%d-%d):	58	VAC-La línea es utilizada por otro device
Sys.msg	24	NCI(%d-%d):	59	VAC-El device no está abierto
Sys.msg	24	NCI(%d-%d):	60	VAC-El device ya está abierto
Sys.msg	24	NCI(%d-%d):	61	VAC-Error de lectura/escritura DCB
Sys.msg	24	NCI(%d-%d):	62	VAC-Overflow buffer de recepción
Sys.msg	24	NCI(%d-%d):	63	VAC-Overflow buffer de recepción (bajo nivel)
Sys.msg	24	NCI(%d-%d):	64	VAC-Error de sobreposición
Sys.msg	24	NCI(%d-%d):	65	VAC-Error de paridad
Sys.msg	24	NCI(%d-%d):	66	VAC-Error de framing
Sys.msg	24	NCI(%d-%d):	67	VAC-File no válido
Sys.msg	24	NCI(%d-%d):	68	VAC-Timeout de recepción
Sys.msg	24	NCI(%d-%d):	69	VAC-Máximo número de pruebas alcanzado
Sys.msg	24	NCI(%d-%d):	70	VAC-Error de transmisión (Com_Tx)
Sys.msg	24	NCI(%d-%d):	71	VAC-Error de recepción (Com_Rx)
Sys.msg	24	NCI(%d-%d):	72	VAC-Ventosas no posicionadas
Sys.msg	24	NCI(%d-%d):	73	VAC-Error de checksum
Sys.msg	24	NCI(%d-%d):	74	VAC-NO PERMITIDO: AUTOMATICO ACTIVO
Sys.msg	24	NCI(%d-%d):	75	NWT-Herramientas no presentes %s
Sys.msg	24	NCI(%d-%d):	76	NWT-Herramienta demasiado grande en el Rapid %s
Sys.msg	24	NCI(%d-%d):	77	NWT-Almacenes lleno
Sys.msg	24	NCI(%d-%d):	78	NWT-Interferencia herramientas %s
Sys.msg	24	NCI(%d-%d):	79	NWT-Mandril no presente en la máquina
Sys.msg	24	NCI(%d-%d):	80	NWT-Posición %d no presente en los almacenes
Sys.msg	24	NCI(%d-%d):	81	NWT-Herramienta demasiado larga en el Rapid %s
Sys.msg	24	NCI(%d-%d):	82	NWT-Interferencia herramientas %s
Sys.msg	24	NCI(%d-%d):	83	NWT-Las herramientas se encuentran presentes en la máquina dos veces
Sys.msg	24	NCI(%d-%d):	84	NWT-Demasiados cambios de herramienta en el programa
Sys.msg	24	NCI(%d-%d):	85	NWT-Desplazamiento herramienta no admitida
Sys.msg	24	NCI(%d-%d):	86	NWT-Herramienta con perno no admitido en el almacén %s
Sys.msg	24	NCI(%d-%d):	87	NWT-Descargado herramienta cabezal 2
Sys.msg	24	NCI(%d-%d):	88	NWT-Herramientas %s equipadas con perno están inhibidas para los mandriles
Sys.msg	24	NCI(%d-%d):	89	NWT-Herramientas %s sobre mandriles con diámetro mayor que el cilindro seguro
Sys.msg	24	NCI(%d-%d):	90	NWT-Configuración no manejada
Sys.msg	24	NCI(%d-%d):	91	Error de lectura del directorio CN
Sys.msg	24	NCI(%d-%d):	92	Error al cargar los gráficos CN
Sys.msg	24	NCI(%d-%d):	93	Error de lectura funciones G o M
Sys.msg	24	NCI(%d-%d):	94	Error de lectura bloque ISO/xISO
Sys.msg	24	NCI(%d-%d):	95	Archivo de los mensajes PLC no encontrado
Sys.msg	24	NCI(%d-%d):	96	Archivo de los mensajes CNC no encontrado
Sys.msg	24	NCI(%d-%d):	97	NWT-DLL no encontrada o no correcta
Sys.msg	24	NCI(%d-%d):	98	Acceso negado: seleccionar el grupo de ejes GR1
Sys.msg	24	NCI(%d-%d):	99	Error en la búsqueda del nombre del traductor ISO en NCI.CFG
Sys.msg	24	NCI(%d-%d):	100	Error en el lanzamiento del traductor ISO (Poner en marcha la producción)
Sys.msg	24	NCI(%d-%d):	101	Memoria pieza en el CN insuficiente
Sys.msg	24	NCI(%d-%d):	102	Memoria barras motorizadas en el CN insuficiente (usar combinación áreas)
Sys.msg	24	NCI(%d-%d):	103	Error en la lectura de las informaciones de un travesaño
Sys.msg	24	NCI(%d-%d):	104	Mando no admitido para la sub-máquina activa
Sys.msg	24	NCI(%d-%d):	105	Error envío cadena MDI
Sys.msg	24	NCI(%d-%d):	106	Error de lectura error en curso en el CN
Sys.msg	24	NCI(%d-%d):	107	Error de lectura origen pieza, origen máquina
Sys.msg	24	NCI(%d-%d):	108	Error de lectura estado del CN
Sys.msg	24	NCI(%d-%d):	109	Error de inicio del CN
Sys.msg	24	NCI(%d-%d):	110	Error de lectura variables
Sys.msg	24	NCI(%d-%d):	111	Error de lectura velocidad
Sys.msg	24	NCI(%d-%d):	112	Error de cierre modo pasante
Sys.msg	24	NCI(%d-%d):	113	Error de apertura modo pasante
Sys.msg	24	NCI(%d-%d):	114	Error de escritura modo pasante
Sys.msg	24	NCI(%d-%d):	115	Error de lectura bloques en ejecución
Sys.msg	24	NCI(%d-%d):	116	Error de lectura funciones G o M
Sys.msg	24	NCI(%d-%d):	117	Error de comunicación
Sys.msg	24	NCI(%d-%d):	118	Error durante procedimiento de boot
Sys.msg	24	NCI(%d-%d):	119	Error de cierre conexión
Sys.msg	24	NCI(%d-%d):	120	Error de archivo configuración máquina
Sys.msg	24	NCI(%d-%d):	121	Error genérico
Sys.msg	24	NCI(%d-%d):	122	Microinterruptor- de tope eje A
Sys.msg	24	NCI(%d-%d):	123	Microinterruptor+ de tope eje A
Sys.msg	24	NCI(%d-%d):	124	Microinterruptor- de tope eje B
Sys.msg	24	NCI(%d-%d):	125	Microinterruptor+ de tope eje B
Sys.msg	24	NCI(%d-%d):	126	Microinterruptor- de tope eje C
Sys.msg	24	NCI(%d-%d):	127	Microinterruptor+ de tope eje C
Sys.msg	24	NCI(%d-%d):	128	Error de apertura\cierre modo DRYRUN
Sys.msg	24	NCI(%d-%d):	129	Proceso seleccionado incorrecto
Sys.msg	24	NCI(%d-%d):	130	Fichero de palpado inicial no encontrado FILETA
Sys.msg	24	NCI(%d-%d):	131	Fichero para posicionamiento soportes motorizados no escrito
Sys.msg	24	NCI(%d-%d):	132	Imposible encontrar el fichero para el posicionamiento de soportes motorizados
Sys.msg	24	NCI(%d-%d):	133	Imposible encontrar el fichero de inicialización de los motores
Sys.msg	24	NCI(%d-%d):	134	Imposible encontrar el fichero con las cotas corrientes de los motores
Sys.msg	24	NCI(%d-%d):	135	Problema encontrado en la lectura de las cotas motor
Sys.msg	24	NCI(%d-%d):	136	Modalidad jog para mesa motorizada no habilitada
Sys.msg	24	NCI(%d-%d):	137	Modalidad calibrado para mesa motorizada no habilitada
Sys.msg	24	NCI(%d-%d):	138	Índice de dispositivo no válido o no configurado
Sys.msg	24	NCI(%d-%d):	139	Máquina no en línea: optimización bloqueo no admitida
Sys.msg	24	NCI(%d-%d):	140	Error en la introducción de un mensaje de tipo JobWarning
Sys.msg	24	NCI(%d-%d):	141	Modalidad NOMODE activa
Sys.msg	24	NCI(%d-%d):	142	Error en la lectura de las cotas de BeR
Sys.msg	24	NCI(%d-%d):	143	Error en la lectura de los flag de inversión cotas de BeR
Sys.msg	24	NCI(%d-%d):	144	Imposible cargar la herramienta con un sólo perno sobre la cabeza con perno de referencia externo
Sys.msg	24	NCI(%d-%d):	145	Error palpación: cota tablero inferior a cota tablero de protección
Sys.msg	24	NCI(%d-%d):	146	Error en la generación de los bloques ISO
Sys.msg	24	NCI(%d-%d):	147	Con los bornes no está permitido el uso de áreas individ.
Sys.msg	24	NCI(%d-%d):	148	Error detectado por la gestión del Robot
Sys.msg	24	NCI(%d-%d):	149	Antes de seguir es necesario actualizar la tabla herramientas
Sys.msg	24	NCI(%d-%d):	150	Riesgo choque anube: programa precedente interrumpido con anube introducidas (controlar y volver a cargar el programa)
Sys.msg	24	NCI(%d-%d):	151	Shared memory error
Sys.msg	24	NCI(%d-%d):	152	General code error
Sys.msg	24	NCI(%d-%d):	153	Cannot load library XILOGLIB.DLL or cannot find entry point in the library
Sys.msg	24	NCI(%d-%d):	154	NWT-Cono Herramienta incongruente con Pinza
Sys.msg	24	NCI(%d-%d):	161	Instrucción OPENTABLE no válida
Sys.msg	24	NCI(%d-%d):	162	Instrucción LOADPIECE no válida
Sys.msg	24	NCI(%d-%d):	163	Instrucción REFPIECE no válida
Sys.msg	24	NCI(%d-%d):	164	Instrucción CLAMPPIECE no válida
Sys.msg	24	NCI(%d-%d):	165	Instrucción SWAPPIECE no válida
Sys.msg	24	NCI(%d-%d):	166	Instrucción SYNCTABLE no válida
Sys.msg	24	NCI(%d-%d):	167	Instrucción UNLOADPIECE no válida
Sys.msg	24	NCI(%d-%d):	168	Instrucción CLOSETABLE no válida
Sys.msg	24	NCI(%d-%d):	169	Instrucción que no pertenece al lenguaje TABLE
Sys.msg	24	NCI(%d-%d):	170	CombiFlex no disponible y aceptar un nuevo PGM
Sys.msg	24	NCI(%d-%d):	171	Dispositivos de bloqueo no en posición
Sys.msg	25	XilogPlus -	0	?
Sys.msg	25	XilogPlus -	1	la Función fopen (stdio.h) ha Fallido
Sys.msg	25	XilogPlus -	2	la Función fclose (stdio.h) ha Fallido
Sys.msg	25	XilogPlus -	3	La velocidad de rotación máxima de la herramienta patín (de tipo L) no puede superar 1500 rpm
Sys.msg	25	XilogPlus -	4	El Parámetro Especificado No es Válido
Sys.msg	25	XilogPlus -	5	Mix no homogéneo: el pedido de regulación automática programada en la línea %D no es igual a las demás!
Sys.msg	25	XilogPlus -	6	Tentativo de ejecutar una función EDITdb [EDITEdb] con EDITdb [EDITEdb] no instanciado
Sys.msg	25	XilogPlus -	7	El palpado automático programado en el campo 
Sys.msg	25	XilogPlus -	8	Equipamiento no válido: no compatible con el que se ha planteado en la maquina
Sys.msg	25	XilogPlus -	9	Campo no válido: lista no homogénea
Sys.msg	25	XilogPlus -	10	La carga del programa %s ha sido anulada como solicitado por el usuario.
Sys.msg	25	XilogPlus -	11	¡El área establecida no esta disponible!
Sys.msg	25	XilogPlus -	12	Línea %D no planteada correctamente: Campo no válido
Sys.msg	25	XilogPlus -	13	CANAL NO PROGRAMADO!
Sys.msg	25	XilogPlus -	14	Línea %D no planteada correctamente: Equipamiento no válido
Sys.msg	25	XilogPlus -	15	¡NO HAY PROGRAMAS EN EJECUCION !
Sys.msg	25	XilogPlus -	16	¡PALABRA CLAVE ERRONEA: PEDIDO ANULADO!
Sys.msg	25	XilogPlus -	17	¡El file es demasiado grande !
Sys.msg	25	XilogPlus -	18	¡El File axis.ini está Vacío !
Sys.msg	25	XilogPlus -	19	OPERACION IMPOSIBLE: ¡EL CAMPO NO ESTA LIBRE!
Sys.msg	25	XilogPlus -	20	¡Imposible introducir el trabajo al final de los programas!
Sys.msg	25	XilogPlus -	21	Nombre de directorio no válido
Sys.msg	25	XilogPlus -	22	¡Memoria insuficiente!
Sys.msg	25	XilogPlus -	23	Error de lectura del paso de MIX (fnxISOGetAscii).
Sys.msg	25	XilogPlus -	24	BCR: alcanzado máx número de tentativas
Sys.msg	25	XilogPlus -	25	BCR: timeout recepción mensaje
Sys.msg	25	XilogPlus -	26	BCR: overflow buffer pasado a la recepción
Sys.msg	25	XilogPlus -	27	BCR: overflow buffer de recepción
Sys.msg	25	XilogPlus -	28	BCR: número descarte inicial mayor que la longitud del mensaje
Sys.msg	25	XilogPlus -	29	BCR: número descarte final mayor que la longitud del mensaje
Sys.msg	25	XilogPlus -	30	OPERACION IMPOSIBLE: ¡Recepción de la línea serial activa!
Sys.msg	25	XilogPlus -	31	OPERACION IMPOSIBLE: ¡Esperar que termine la traducción de los programas!
Sys.msg	25	XilogPlus -	32	¡En este caso no es posible modificar la repetición del programa seleccionado!
Sys.msg	25	XilogPlus -	33	OPERACION NO VALIDA: ¡Esperar hasta el final de la lectura del mix anterior!
Sys.msg	25	XilogPlus -	34	¡HERRAMIENTA NO PROGRAMADA!
Sys.msg	25	XilogPlus -	35	¡Operación no autorizada: automático activo!
Sys.msg	25	XilogPlus -	36	Herramienta N: E%d : Número almacén no válido
Sys.msg	25	XilogPlus -	37	BCR: ¡Puerto serial reservado al C.N.!
Sys.msg	25	XilogPlus -	38	¡DISCO LLENO!
Sys.msg	25	XilogPlus -	39	Unidad disco no lista o error en lectura/escritura. ¿Prueba nuevamente?
Sys.msg	25	XilogPlus -	40	Herramienta fija: El tipo de herramienta solicitado debe coincidir con el actual
Sys.msg	25	XilogPlus -	41	Planificación imposible. Controlar que el PGM sea correcto.
Sys.msg	25	XilogPlus -	42	
Sys.msg	25	XilogPlus -	43	
Sys.msg	25	XilogPlus -	44	
Sys.msg	25	XilogPlus -	45	
Sys.msg	25	XilogPlus -	46	
Sys.msg	25	XilogPlus -	47	¡IMPOSIBLE COPIAR UN FILE SOBRE SI MISMO!
Sys.msg	25	XilogPlus -	48	%s: Nombre del ciclo fijo no válido
Sys.msg	25	XilogPlus -	49	Travesaño %d fuera de los límites programados en SUPPORTS.CFG.
Sys.msg	25	XilogPlus -	50	Ventosa %d travesaño %d fuera del limite programado en SUPPORTS.CFG.
Sys.msg	25	XilogPlus -	51	Peligro de choque tratamientos pasadores - plano de la máquina: reprogramar los travesaños y las ventosas!
Sys.msg	25	XilogPlus -	52	Longitud nombre archivo optimizado no válido.
Sys.msg	25	XilogPlus -	53	Nombre archivo optimizado sin extensión.
Sys.msg	25	XilogPlus -	54	Nombre archivo optimizado en formato correspondiente.
Sys.msg	25	XilogPlus -	55	Error en la compilación del archivo optimizado
Sys.msg	25	XilogPlus -	56	Error en la conversión INCH-MM del archivo optimizado
Sys.msg	25	XilogPlus -	57	Programa todavía no efectuado en modalidad estándar: ¡restablecimiento imposible!
Sys.msg	25	XilogPlus -	58	Error en la programación de la herramienta de lugar %d : la herramienta solicitada no está en la lista
Sys.msg	25	XilogPlus -	59	Error en la programación de la herramienta N° %d : la herramienta solicitada ya ha sido programada en el lugar %d
Sys.msg	25	XilogPlus -	60	Recorrido del ejecutable XCAM no encontrado. (Xilog3.ini).
Sys.msg	25	XilogPlus -	61	CRC de paso parámetros no válido. (PgmXWrapperConverter.dll).
Sys.msg	25	XilogPlus -	62	Referencia dinámica al servicio PgmXWrapperConverter no válido.
Sys.msg	25	XilogPlus -	63	PgmXWrapperConverter: %s
Sys.msg	26	Displayer:	0	?
Sys.msg	26	Displayer:	1	Instrucción xMetafile No Válida
Sys.msg	26	Displayer:	2	Clase EDITEdb no instanciada
Sys.msg	27	AsciiFHand:	0	?
Sys.msg	27	AsciiFHand:	1	Fin del File
Sys.msg	27	AsciiFHand:	2	Fin de la Línea
Sys.msg	27	AsciiFHand:	3	El File está Vacío
Sys.msg	27	AsciiFHand:	4	la Función fopen (stdio.h) ha Fallado
Sys.msg	27	AsciiFHand:	5	la Función fclose (stdio.h) ha Fallado
Sys.msg	27	AsciiFHand:	6	Tentativa de Acceso a un File Cerrado
Sys.msg	27	AsciiFHand:	7	Cadena no Reconocida
Sys.msg	27	AsciiFHand:	8	El File ya ha sido Abierto
Sys.msg	27	AsciiFHand:	9	Error de Input/Output
Sys.msg	27	AsciiFHand:	10	Número de Línea o de Columna no válido
Sys.msg	28	Gendata:	0	?
Sys.msg	28	Gendata:	1	El Input/Output en el File gendata.cfg ha Causado un Error
Sys.msg	28	Gendata:	2	El nombre del fichero de equipamiento activo no puede superar los 12 caracteres incluida la extensión
Sys.msg	29	FixedCyc:	0	?
Sys.msg	29	FixedCyc:	1	Tentativo de Acceso a Posición No Válida
Sys.msg	29	FixedCyc:	2	Tipo de Dato Pedido No Válido
Sys.msg	29	FixedCyc:	3	Tipo de Código Pedido No Válido
Sys.msg	30	Spindles:	0	?
Sys.msg	30	Spindles:	1	El Input/Output en el File spindles.cfg ha Causado un Error
Sys.msg	31	Tools:	0	?
Sys.msg	31	Tools:	1	El Input/Output en el File de Equipamiento ha Causado un Error
Sys.msg	32	Cru:	0	?
Sys.msg	32	Cru:	1	System Error -> PuntKO
Sys.msg	32	Cru:	2	Memoria insuficiente
Sys.msg	32	Cru:	3	Código interno del lenguaje Xiso no válido
Sys.msg	32	Cru:	4	System Error -> BufferOverflow
Sys.msg	32	Cru:	5	System Error -> CruToxMetaLenKO
Sys.msg	32	Cru:	6	System Error -> InvalidCruPrfChain
Sys.msg	33	Dxft:	0	?
Sys.msg	33	Dxft:	1	¡Error de lectura del file fuente !
Sys.msg	33	Dxft:	2	¡Error de escritura del file destino !
Sys.msg	33	Dxft:	3	¡Error en el file dxf !
Sys.msg	33	Dxft:	4	¡Memoria insuficiente !
Sys.msg	33	Dxft:	5	¡Perfil ambiguo !
Sys.msg	33	Dxft:	6	¡No es posible cancelar este perfil !
Sys.msg	33	Dxft:	7	¡El File está Vacío !
Sys.msg	34	Frzdb:	0	?
Sys.msg	34	Frzdb:	1	¡Memoria insuficiente!
Sys.msg	34	Frzdb:	2	¡El File está Vacío!
Sys.msg	34	Frzdb:	3	¡Error en la lectura del PGM!
Sys.msg	35	Asct:	0	?
Sys.msg	35	Asct:	1	Error de Lectura/Escritura
Sys.msg	35	Asct:	2	Destino de escritura no válido
Sys.msg	35	Asct:	3	Línea no válida
Sys.msg	35	Asct:	4	¡Memoria insuficiente!
Sys.msg	35	Asct:	5	¡No es posible optimizar estas perforaciones!
Sys.msg	36	CNflGrp:	0	?
Sys.msg	36	CNflGrp:	1	El Archivo %s no existe
Sys.msg	36	CNflGrp:	2	Memoria insuficiente
Sys.msg	36	CNflGrp:	3	Error en la exploración del archivo %s
Sys.msg	36	CNflGrp:	4	Error en la lectura del archivo %s
Sys.msg	36	CNflGrp:	5	Error de sistema: apuntador KO
Sys.msg	36	CNflGrp:	6	El Grupo nr %d no existe
Sys.msg	36	CNflGrp:	7	El Grupo nr %d no está presente en el archivo de inicialización
Sys.msg	36	CNflGrp:	8	Error en el formato de las líneas del GRUPO %s
Sys.msg	36	CNflGrp:	9	La Línea %d del grupo vigente no está presente en el archivo de inicialización
Sys.msg	37	BCR:	0	?
Sys.msg	37	BCR:	1	Número puerto no válido
Sys.msg	37	BCR:	2	Carácter de ACK no válido
Sys.msg	37	BCR:	3	Carácter de NAK no válido
Sys.msg	37	BCR:	4	ACK=NAK no válido
Sys.msg	37	BCR:	5	Prefijo no válido
Sys.msg	37	BCR:	6	Sufijo no válido
Sys.msg	37	BCR:	7	Sufijo=Prefijo no válido
Sys.msg	37	BCR:	8	Retardo de recepción no válido
Sys.msg	37	BCR:	9	Retardo de transmisión no válido
Sys.msg	37	BCR:	10	Número de caracteres iniciales a descartar no válido
Sys.msg	37	BCR:	11	Número de caracteres finales a descartar no válido
Sys.msg	37	BCR:	12	Número de tentativas de Tx no válido
Sys.msg	37	BCR:	13	Número de Data Bit no válido
Sys.msg	37	BCR:	14	Baud Rate no válida
Sys.msg	37	BCR:	15	Número de Bit de Stop no válido
Sys.msg	37	BCR:	16	Tabla de Rx no válida
Sys.msg	37	BCR:	17	Caracteres a descartar superiores a la longitud del mensaje
Sys.msg	37	BCR:	18	Línea no inicializada
Sys.msg	37	BCR:	19	Línea ya inicializada
Sys.msg	37	BCR:	20	Error de inicialización del HW
Sys.msg	37	BCR:	21	Sesión de Rx ya comenzada
Sys.msg	37	BCR:	22	Puntero de ingreso = NULL
Sys.msg	37	BCR:	23	Longitud del Buffer de Rx no válida
Sys.msg	37	BCR:	24	Número de buffer no válido
Sys.msg	37	BCR:	25	Número máx de BCR ya localizados
Sys.msg	37	BCR:	26	Puerto serial ya utilizado por otro BCR
Sys.msg	37	BCR:	27	Error de localización memoria para datos BCR
Sys.msg	37	BCR:	28	BCR no válido
Sys.msg	37	BCR:	29	Error de localización interna
Sys.msg	37	BCR:	30	Error de registro clase
Sys.msg	37	BCR:	31	Error de creación Windows
Sys.msg	37	BCR:	32	Windows local del BCR ausente
Sys.msg	37	BCR:	33	Nombre del puerto no válido
Sys.msg	37	BCR:	34	Error en los parámetros de configuración
Sys.msg	37	BCR:	35	Puerto no disponible (usado por otra aplicación)
Sys.msg	37	BCR:	36	Puerto no abierto
Sys.msg	37	BCR:	37	Puerto abierto por otra aplicación
Sys.msg	37	BCR:	38	Error en lectura o escritura del Device Control Block
Sys.msg	38	NWT:	0	?
Sys.msg	38	NWT:	1	!La herramienta %c%d ha sido programada en la posición %d y %d!
Sys.msg	38	NWT:	2	!El almacén suplementario debe tener al menos dos alojamientos libres!
Sys.msg	38	NWT:	3	!El Rapid debe tener al menos un alojamiento libre!
Sys.msg	38	NWT:	4	!Imposible cargar mas de una herramienta con dimensión D equivalente a 3!
Sys.msg	38	NWT:	5	!Se han cargado demasiadas herramientas con dimensión D equivalente a 1!
Sys.msg	38	NWT:	6	!Se han cargado demasiadas herramientas con dimensión D equivalente a 2!
Sys.msg	38	NWT:	7	!No se admite la carga/descarga de herramientas de tipo 3!
Sys.msg	38	NWT:	8	
Sys.msg	38	NWT:	9	
Sys.msg	38	NWT:	10	
Sys.msg	38	NWT:	11	La herramienta %c%d programada en la posición %d, ha sido cargada en el electromandril %d
Sys.msg	38	NWT:	12	Número de grupo no admitido por la herramienta %d
Sys.msg	38	NWT:	13	Posición %d de la herramienta %c%d no admitida por presencia herramienta especial en posición %d
Sys.msg	39	SUPERV:	0	?
Sys.msg	39	SUPERV:	1	Error al abrir file de sincronización con el SuperVisor
Sys.msg	39	SUPERV:	2	No es posible el acceso al file de sincronización
Sys.msg	39	SUPERV:	3	Formato del file no congruente con las reglas del SuperVisor
Sys.msg	39	SUPERV:	4	No ejecutada correctamente la última línea de EXEC.DAT
Sys.msg	39	SUPERV:	5	'EXEC.DAT' no está o está vacío
Sys.msg	39	SUPERV:	6	'EXEC.DAT' no contiene la primera orden para la entrada
Sys.msg	39	SUPERV:	7	Superado el nro. máximo de accesos no permitidos
Sys.msg	40	KeyFile:	0	?
Sys.msg	40	KeyFile:	1	Error genérico
Sys.msg	40	KeyFile:	2	Error genérico de apertura archivo
Sys.msg	40	KeyFile:	3	Error genérico de cierre archivo
Sys.msg	40	KeyFile:	4	Error en seek en el KeyFile
Sys.msg	40	KeyFile:	5	Problema de localización
Sys.msg	40	KeyFile:	6	Problema en lectura archivo de llaves
Sys.msg	40	KeyFile:	7	Problema en la fseek en el archivo de llaves
Sys.msg	40	KeyFile:	8	Error de sintaxis en el archivo de llaves
Sys.msg	40	KeyFile:	9	No se ha encontrado el carácter '$' de inicio/fin definición campo llave
Sys.msg	40	KeyFile:	10	Se ha encontrado KEY demasiado larga
Sys.msg	40	KeyFile:	11	KEY buscada con la fnReadKeyFile no encontrada
Sys.msg	40	KeyFile:	12	Error en apertura archivo de llaves
Sys.msg	40	KeyFile:	13	Archivo no abierto, imposible cerrarlo
Sys.msg	42	clOptimizer:	0	?
Sys.msg	42	clOptimizer:	1	PARAM KO
Sys.msg	42	clOptimizer:	2	DISTRIBUCIÓN MEMORIA KO
Sys.msg	42	clOptimizer:	3	APERTURA ARCHIVO STP/OTP KO
Sys.msg	42	clOptimizer:	4	LECTURA ARCHIVO STP/OTP KO
Sys.msg	42	clOptimizer:	5	ESCRITURA ARCHIVO STP/OTP KO
Sys.msg	42	clOptimizer:	6	POSICIONAMIENTO ARCHIVO STP/OTP KO
Sys.msg	42	clOptimizer:	7	ERROR %s OPTIMIZADOR PINZAS
Sys.msg	42	clOptimizer:	8	
Sys.msg	42	clOptimizer:	9	
Sys.msg	42	clOptimizer:	10	ERROR DE SINTAXIS ARCHIVO STP
Sys.msg	42	clOptimizer:	11	ERROR SINTAXIS NÚMERO HERRAMIENTAS EN EL ARCHIVO STP
Sys.msg	42	clOptimizer:	12	
Sys.msg	42	clOptimizer:	13	
Sys.msg	42	clOptimizer:	14	ERROR ALGORITMO OPT. CAMBIO HERRAMIENTAS
Sys.msg	42	clOptimizer:	15	NO DEFINIDO EL TIPO DE OPTIMIZACIÓN
Sys.msg	43	xMetaRun:	0	?
Sys.msg	43	xMetaRun:	1	System Error -> ParámKO
Sys.msg	43	xMetaRun:	2	Memoria insuficiente
Sys.msg	43	xMetaRun:	3	System Error -> PuntKO
Sys.msg	43	xMetaRun:	4	System Error -> AlreadyOpen
Sys.msg	43	xMetaRun:	5	El programa no ha sido rellenado
Sys.msg	44	Ottimizzatore:	0	?
Sys.msg	44	Ottimizzatore:	1	Optimización imposible: ¡demasiados orificios programados !
Sys.msg	44	Ottimizzatore:	2	¡Memoria insuficiente!
Sys.msg	44	Ottimizzatore:	3	Mandril %d: ¡El Par metro No es Válido !
Sys.msg	44	Ottimizzatore:	4	Optimización imposible: Cabezal fijo no disponible
Sys.msg	44	Ottimizzatore:	5	Línea %D imposible de optimizar: Tipo de herramienta no disponible.
Sys.msg	44	Ottimizzatore:	6	línea %D imposible de optimizar: Subtipo de broca no disponible.
Sys.msg	44	Ottimizzatore:	7	línea %D imposible de optimizar: Diámetro broca no disponible.
Sys.msg	44	Ottimizzatore:	8	línea %D imposible de optimizar: Longitud broca no disponible.
Sys.msg	44	Ottimizzatore:	9	línea %D imposible de optimizar: Altura avellanador no disponible.
Sys.msg	44	Ottimizzatore:	10	Línea %D : ¡Imposible ejecutar el orificio !
Sys.msg	44	Ottimizzatore:	11	línea %D imposible de optimizar: final de carrera ejes!
Sys.msg	45	MPL:	0	?
Sys.msg	45	MPL:	1	Error inicialización de la mesa: algunos parámetros no están configurados correctamente
Sys.msg	45	MPL:	2	Error en la configuración de las especularidades del área
Sys.msg	45	MPL:	3	Los límites de las áreas de trabajo están configurados erróneamente
Sys.msg	45	MPL:	4	Tamaño del área no suficiente
Sys.msg	45	MPL:	5	Error: imposible encontrar el archivo de configuración de la mesa motorizada
Sys.msg	45	MPL:	6	Error de configuración para el cálculo del pack de la mesa motorizada
Sys.msg	45	MPL:	7	Emplazamiento inicial no posible, controlar los límites configurados: Error Barra %D Borne %D
Sys.msg	45	MPL:	8	Valores de estacionamiento de los motores inhabilitados no válidos: Error Barra %D Borne %D
Sys.msg	45	MPL:	9	Parámetro 'E' no correcto bloque de PB de tipo no admitido
Sys.msg	45	MPL:	10	Ninguna PB solicitada, controlar la programación
Sys.msg	45	MPL:	11	La barra programada no corresponde al área seleccionada
Sys.msg	45	MPL:	12	Movimiento no admitido  en la fase de bloqueo en ciclo semiautomático
Sys.msg	45	MPL:	13	Fuera del radio de acción no admitido en Y: Error Barra %D Borne %D (ciclo %D)
Sys.msg	45	MPL:	14	Fuera del radio de acción no admitido en X: Error Barra %D (ciclo %D). Controllare la posizione delle eventuali battute mobili
Sys.msg	45	MPL:	15	Movimiento no posible: Error Barra %D Borne %D (ciclo %D)
Sys.msg	45	MPL:	16	Emplazamiento de las barras no posible: no se ha encontrado ninguna solución
Sys.msg	45	MPL:	17	Barra %D Borne %D Y programada fuera de trabajo de %D mm (ciclo %D)
Sys.msg	45	MPL:	18	Barra %D X programada fuera de trabajo %D (ciclo %D)
Sys.msg	45	MPL:	19	Colisión en X Barra %D\%D Cota de colisión %D (ciclo %D)
Sys.msg	45	MPL:	20	Colisión en Y Barra %D Borne %D\%D Cota de colisión %D (ciclo %D)
Sys.msg	45	MPL:	21	Se ha solicitado el movimiento de un soporte bloqueado: Error Barra %D Borne %D (ciclo %D)
Sys.msg	45	MPL:	22	Programación incongruente del número de barra. Barra %D. Controlar la posición de la barra en SetUp
Sys.msg	45	MPL:	23	Programación barras incorrecta para mesa EasySet
Sys.msg	45	MPL:	24	Programación incorrecta bornes para mesa EasySet
Sys.msg	45	MPL:	25	Imposible mover dispositivos no bloqueados (ciclo %g)
Sys.msg	45	MPL:	26	Separación errónea del tablero trabajado: las barre %g y %g programadas en %g y %g deben moverse de la misma cota (ciclo %g)
Sys.msg	45	MPL:	27	No se respetan las distancias mínimas entre los dispositivos programados (barra %g cota %g)(ciclo %g)
Sys.msg	45	MPL:	28	No se respetan las distancias mínimas entre los dispositivos programados (barra %g dispositivo %g cota %g)(ciclo %g)
Sys.msg	45	MPL:	29	Separación errónea del tablero trabajado: los dispositivos %g y %g programados en %g y %g deben moverse de la misma cota (ciclo %g)
Sys.msg	45	MPL:	30	
Sys.msg	45	MPL:	31	Error en la escritura del archivo Pseudo-ISO.
Sys.msg	45	MPL:	32	La viga %d presenta un número de ventosas/bornes superior a 4, valor máximo admitido con la mesa motorizada.
Sys.msg	45	MPL:	33	Con la mesa motorizada, el parámetro 'Origen numeración soportes (0-3)' (in XILOG3.CFG) debe valer 1 o 3.
Sys.msg	45	MPL:	34	Con la mesa motorizada, la especularidad en X del trabajo en el área %c tiene que estar conforme con la especularidad en X del tope.
Sys.msg	45	MPL:	35	Con la mesa motorizada, la especularidad en Y del trabajo en el área %c tiene que estar conforme con la especularidad en Y del tope.
Sys.msg	45	MPL:	36	Para el área %c no se ha configurado correctamente el número de vigas y/o la primera viga.
Sys.msg	45	MPL:	37	El offset X y/o el tamaño en X del área %c no se ha configurado correctamente puesto que hay una superposición con el área adyacente.
Sys.msg	45	MPL:	38	No se admiten las áreas de trabajo jolly (00,01,10,11).
Sys.msg	45	MPL:	39	El travesaño %d tiene un número de ventosas/morsas distinto al de los demás o las dimensiones de algunas ventosas no están programadas.
Sys.msg	45	MPL:	40	Ningún cabezal laser configurado
Sys.msg	45	MPL:	41	Posición %c=%F no alcanzable desde ningún cabezal láser
Sys.msg	45	MPL:	42	Bloqueo no coherente con la programación de EPL
Sys.msg	45	MPL:	43	La asociación morsa-selector en la fase de bloqueo pieza no está permitida
Sys.msg	45	MPL:	44	Un movimiento con la pieza bloqueada sólo puede realizarse si los dispositivos se enganchan a la correa por el mismo lado
Sys.msg	45	MPL:	45	En presencia de Robot el desbloqueo de las piezas no tiene que programarse
Sys.msg	45	MPL:	46	Interferencia con tope: Error Barra %D Morsa %D
Sys.msg	46	PPPIsoTrd:	0	?
Sys.msg	46	PPPIsoTrd:	1	Error apertura archivo Iso
Sys.msg	46	PPPIsoTrd:	2	Error stop trabajo imposible
Sys.msg	46	PPPIsoTrd:	3	Error código sin tratar
Sys.msg	46	PPPIsoTrd:	4	Error área no disponible para operaciones
Sys.msg	46	PPPIsoTrd:	5	Error lado de trabajo no admitido
Sys.msg	46	PPPIsoTrd:	6	Error TSET espera 
Sys.msg	46	PPPIsoTrd:	7	Error código instrucción XABS desconocido
Sys.msg	46	PPPIsoTrd:	8	Error cambio de estado solicitado
Sys.msg	46	PPPIsoTrd:	9	Error algoritmo de trabajo imposible
Sys.msg	46	PPPIsoTrd:	10	Cambio herramienta no permitido
Sys.msg	46	PPPIsoTrd:	11	Demasiadas combinaciones contemporáneas syncro-cabezales
Sys.msg	46	PPPIsoTrd:	12	N° cabezal máster desconocido
Sys.msg	46	PPPIsoTrd:	13	Primer cabezal de grupo syncro no es el mínimo
Sys.msg	46	PPPIsoTrd:	14	Tipo de producción (JOBTYPE) no implementado
Sys.msg	46	PPPIsoTrd:	15	Producción en lado escogido no implementado
Sys.msg	46	PPPIsoTrd:	16	Preparación y rozamiento de trabajo diversos
Sys.msg	46	PPPIsoTrd:	17	Campo EL de TSET NO programado cuando es necesario
Sys.msg	46	PPPIsoTrd:	18	Cuadrante sin tratar
Sys.msg	46	PPPIsoTrd:	19	Solicitud de demasiadas herramientas - memoria insuficiente
Sys.msg	46	PPPIsoTrd:	20	Número de cabezales sin configurar
Sys.msg	46	PPPIsoTrd:	21	Número de herramientas sin configurar
Sys.msg	46	PPPIsoTrd:	22	Z-syncro de SET TWIN incompatible con set herramientas
Sys.msg	46	PPPIsoTrd:	23	Cabezales para sincronizar de tipo distinto entre ellos
Sys.msg	46	PPPIsoTrd:	24	JOBTAB->Ele y cabezal herramienta de TSET distintos
Sys.msg	46	PPPIsoTrd:	25	Ninguna herramienta configurada
Sys.msg	46	PPPIsoTrd:	26	Función intervector no implementada
Sys.msg	46	PPPIsoTrd:	27	Versión feria: SET TWIN y más de una herramienta en TSET
Sys.msg	46	PPPIsoTrd:	28	Valor para cabezales no admitidos en ERGON (véase JOBTAB->Ele)
Sys.msg	46	PPPIsoTrd:	29	Valor para G0R->IC (Intervector) desconocido
Sys.msg	46	PPPIsoTrd:	30	Valor vacío para la llave proporcionada por NCI.CFG
Sys.msg	46	PPPIsoTrd:	31	Buffer de copia de seguridad de datos demasiado pequeño
Sys.msg	46	PPPIsoTrd:	32	Número ID de grupo-Z superior a 9
Sys.msg	46	PPPIsoTrd:	33	Conjunto memorización herramienta en cada cabezal pequeño
Sys.msg	46	PPPIsoTrd:	34	PLC habilitar bit negativo o nulo
Sys.msg	46	PPPIsoTrd:	35	Modo de desincronización cabezales desconocido
Sys.msg	46	PPPIsoTrd:	36	Solicitud de sincronización contemporánea de demasiados Z-Grupos
Sys.msg	46	PPPIsoTrd:	37	Ningún grupo Z síncrono de SET TWIN activado por JOBTAB->Ele
Sys.msg	46	PPPIsoTrd:	38	Ni siquiera un cabezal configurado
Sys.msg	46	PPPIsoTrd:	39	Valor parámetro JOBTAB->ForaMode desconocido
Sys.msg	46	PPPIsoTrd:	40	Combinación de zonas de vacío imposible
Sys.msg	46	PPPIsoTrd:	41	Número de Z independientes demasiado elevado
Sys.msg	46	PPPIsoTrd:	42	Lado de referencia PLANE distinta de la N° 1
Sys.msg	46	PPPIsoTrd:	43	Utilización de herramienta inclinada sin definición de una PLANE
Sys.msg	46	PPPIsoTrd:	44	Velocidad de palpación inválida
Sys.msg	46	PPPIsoTrd:	45	Incongruencia en la lista de las herramientas: grupos cabezas de n°distinto
Sys.msg	46	PPPIsoTrd:	46	Incongruencia en la lista de las herramientas: husos distintos entre los grupos
Sys.msg	46	PPPIsoTrd:	47	Se han solicitado dos herramientas en la misma posición almacén para DUOSET
Sys.msg	46	PPPIsoTrd:	48	El programa no ha sido nunca tratado en el 
Sys.msg	46	PPPIsoTrd:	49	Uso de la herramienta fija para cabeza taladradora fija T0
Sys.msg	46	PPPIsoTrd:	50	Secuencia Z a sincronizar no en secuencia (Ej.:132 o 312)
Sys.msg	46	PPPIsoTrd:	51	Error puntador nulo
Sys.msg	46	PPPIsoTrd:	52	Error índice inválido
Sys.msg	46	PPPIsoTrd:	53	Error traducción interrumpida
Sys.msg	46	PPPIsoTrd:	54	Número de corrector en Z demasiado grande
Sys.msg	46	PPPIsoTrd:	55	La instrucción corriente no es la TSET
Sys.msg	46	PPPIsoTrd:	56	Huso inválido
Sys.msg	46	PPPIsoTrd:	57	Combinación subáreas nula o números iguales o fuera de rango o valores discontinuos
Sys.msg	46	PPPIsoTrd:	58	Combinación subáreas para guía motorizada horizontal con sobreposición subárea/s
Sys.msg	46	PPPIsoTrd:	59	Superación de los límites subárea en la programación step guía horizontal
Sys.msg	46	PPPIsoTrd:	60	Programación de un cabezal no habilitado a trabajar en zona seleccionada
Sys.msg	46	PPPIsoTrd:	61	Máquina con una sola sub-máquina: modo multi-start no admitido
Sys.msg	46	PPPIsoTrd:	62	Incoherencia en la parametrización de la multi-máquina
Sys.msg	46	PPPIsoTrd:	63	Por lo menos un cabezal programado fuera de la zona de trabajo
Sys.msg	46	PPPIsoTrd:	64	Instrucción PARK y NOP con cota X programada no admitida para Ergon con ejes X independientes
Sys.msg	46	PPPIsoTrd:	65	Combinación de cabezas sincrónicas no admitida - desde configuración
Sys.msg	46	PPPIsoTrd:	66	Final de carrera eje vector
Sys.msg	46	PPPIsoTrd:	67	Error coherencia valor de parámetros o claves $
Sys.msg	46	PPPIsoTrd:	68	Cabezal sin palpador o uso del palpador no admitido
Sys.msg	46	PPPIsoTrd:	69	Valores de Jerk no admitidos
Sys.msg	46	PPPIsoTrd:	70	Variación dist.axial cabezales en X no admitida
Sys.msg	46	PPPIsoTrd:	71	Secuencia de combinaciones de cabezales no admitida
Sys.msg	46	PPPIsoTrd:	72	Fin de carrera eje vector interpolante
Sys.msg	46	PPPIsoTrd:	73	Equipamiento con por lo menos una herramienta de diámetro superior al límite admitido
Sys.msg	46	PPPIsoTrd:	74	Equipamiento con por lo menos una herramienta de longitud superior al límite admitido
Sys.msg	46	PPPIsoTrd:	75	Petición de la misma herramienta sobre varias cabezas distintas para trabajo en paralelo
Sys.msg	46	PPPIsoTrd:	77	Corrección herramienta en el espacio no admitida
Sys.msg	46	PPPIsoTrd:	78	Cabeza master no admitida (utilice cabeza Prisma como primera cabeza)
Sys.msg	46	PPPIsoTrd:	79	Trabajo no admitido con cabezas paralelas distintas
Sys.msg	46	PPPIsoTrd:	80	SET DONTCARE no admitida para perfiles inclinados (G0R, BR, XPL)
Sys.msg	46	PPPIsoTrd:	81	SET DONTCARE no admitida si el cilindro no seguro y vector no interpolante
Sys.msg	46	PPPIsoTrd:	82	Imposible cargar la herramienta con un solo perno sobre la cabeza con perno de referencia externo
Sys.msg	46	PPPIsoTrd:	83	Colocación de la campana de aspiración mesa fuera de los límites o en choque con la pieza
Sys.msg	46	PPPIsoTrd:	84	Campana de aspiración mesa excluida con petición ciclo de limpieza no admitida
Sys.msg	46	PPPIsoTrd:	85	Macro XSUBAREA no admitida después de bloqueo de PB intermedias: introducir después de Header programa
Sys.msg	46	PPPIsoTrd:	86	Eje B en posición no admitida para introducción campana suplementaria
Sys.msg	46	PPPIsoTrd:	87	Eje C en posición no admitida para introducción campana suplementaria
Sys.msg	46	PPPIsoTrd:	88	Posición requerida para campana suplementaria sobre cabeza no admitida
Sys.msg	46	PPPIsoTrd:	89	Error en el cierre perfil por repetición instrucciones al final del trabajo
Sys.msg	46	PPPIsoTrd:	90	Parámetro 'Recorrido H1' para Clavadora erróneo - solicitado valor negativo
Sys.msg	46	PPPIsoTrd:	91	La función de restablecimiento programa interrumpido no es compatible con los comentarios del file ISO. Inhabilitar una de las dos opciones.
Sys.msg	46	PPPIsoTrd:	92	Error general en la generación del programa ISO
Sys.msg	46	PPPIsoTrd:	93	Herramienta palpador no admitida con el cabezal requerido
Sys.msg	46	PPPIsoTrd:	94	Cabezal palpador no admitido con la herramienta requerida
Sys.msg	46	PPPIsoTrd:	95	Error en la generación de los bloques ISO
Sys.msg	46	PPPIsoTrd:	96	Posición requerida para campana principal sobre cabezal no admitida
Sys.msg	46	PPPIsoTrd:	100	PPPISOERR_END_REQUESTED
Sys.msg	46	PPPIsoTrd:	101	PPPISOERR_ILLEGAL_BEGIN
Sys.msg	46	PPPIsoTrd:	102	PPPISOERR_ONLY_HEAD_UP_1
Sys.msg	46	PPPIsoTrd:	103	PPPISOERR_TGEN_BUFFER
Sys.msg	46	PPPIsoTrd:	104	PPPISOERR_FASIBR
Sys.msg	46	PPPIsoTrd:	105	PPPISOERR_NUMERO_PROCESSO
Sys.msg	46	PPPIsoTrd:	106	PPPISOERR_NUMERO_TESTE
Sys.msg	46	PPPIsoTrd:	107	PPPISOERR_NUMERO_GRUPPO
Sys.msg	46	PPPIsoTrd:	108	PPPISOERR_NUMERO_ASSE
Sys.msg	46	PPPIsoTrd:	109	PPPISOERR_USED_TESTA
Sys.msg	46	PPPIsoTrd:	110	PPPISOERR_TESTA_NON_PROGRAMMATA
Sys.msg	46	PPPIsoTrd:	111	PPISOERR_NUMERO_PPISO_TESTA
Sys.msg	46	PPPIsoTrd:	112	PPISOERR_SOTTOFASEBR
Sys.msg	46	PPPIsoTrd:	113	PPISOERR_STESSOASSEQUOTEDIVERSE
Sys.msg	46	PPPIsoTrd:	114	PPISOERR_MPRESSATORE
Sys.msg	46	PPPIsoTrd:	115	PPISOERR_PRESSATORENONCONFIGURATO
Sys.msg	46	PPPIsoTrd:	116	PPISOERR_MANCAMSINCRO
Sys.msg	46	PPPIsoTrd:	117	PPISOERR_NUMPPISO
Sys.msg	46	PPPIsoTrd:	118	PPISOERR_NUMASSECOORD
Sys.msg	46	PPPIsoTrd:	119	PPISOERR_NUMGRUPPO
Sys.msg	46	PPPIsoTrd:	120	PPISOERR_PPISO_SUCCESSIVI
Sys.msg	46	PPPIsoTrd:	121	PPISOERR_MACROPINZA
Sys.msg	46	PPPIsoTrd:	122	PPISOERR_MANCACFGPINZA
Sys.msg	46	PPPIsoTrd:	123	PPISOERR_MCERNIERA
Sys.msg	46	PPPIsoTrd:	124	PPISOERR_MACROCERNIERA
Sys.msg	46	PPPIsoTrd:	125	PPISOERR_INSCERNIERANONCONF
Sys.msg	46	PPPIsoTrd:	126	PPPISOERR_FORI_CON_STESSA_TESTA
Sys.msg	46	PPPIsoTrd:	127	PPPISOERR_TROPPI_FORI_INSIEME
Sys.msg	46	PPPIsoTrd:	128	PPISOERR_PRESSORENONPOSIZIONABILE
Sys.msg	46	PPPIsoTrd:	129	PPISOERR_DUETESTECONSTESSOASSEZ
Sys.msg	46	PPPIsoTrd:	130	PPISOERR_TESTA1NONGESTITA
Sys.msg	46	PPPIsoTrd:	500	Error nombre archivo de configuración: UpdateParameters 
Sys.msg	46	PPPIsoTrd:	501	Error nombre archivo herramientas: UpdateParameters
Sys.msg	46	PPPIsoTrd:	502	Error genérico
Sys.msg	46	PPPIsoTrd:	503	Error campo no encontrado
Sys.msg	46	PPPIsoTrd:	504	Error asignación memoria
Sys.msg	46	PPPIsoTrd:	505	Error parámetro máquina desconocido
Sys.msg	46	PPPIsoTrd:	506	Error parámetro máquina ausente
Sys.msg	46	PPPIsoTrd:	507	Error elemento no encontrado
Sys.msg	46	PPPIsoTrd:	508	Error demasiados elementos presentes
Sys.msg	46	PPPIsoTrd:	509	Error pocos elementos presentes
Sys.msg	46	PPPIsoTrd:	510	Error puntador nulo
Sys.msg	46	PPPIsoTrd:	511	Error índice inválido
Sys.msg	46	PPPIsoTrd:	512	Error final archivo inesperado: ReadRow
Sys.msg	46	PPPIsoTrd:	513	Error línea vacía: ReadRow
Sys.msg	46	PPPIsoTrd:	514	Error buffer demasiado pequeño: ReadRow
Sys.msg	46	PPPIsoTrd:	515	Error dimensiones buffer: ReadRow
Sys.msg	46	PPPIsoTrd:	516	Error carácter espacio inesperado: FindKey
Sys.msg	46	PPPIsoTrd:	517	Error carácter retroceso del carro inesperado: FindKey
Sys.msg	46	PPPIsoTrd:	518	Error carácter blanco inesperado: FindKey
Sys.msg	46	PPPIsoTrd:	519	Error carácter ápice inesperado: FindKey
Sys.msg	46	PPPIsoTrd:	520	Error llave de búsqueda demasiado larga: FindKey
Sys.msg	46	PPPIsoTrd:	521	Error parámetro no presente: GetPar
Sys.msg	46	PPPIsoTrd:	522	Error buffer demasiado pequeño: GetPar
Sys.msg	46	PPPIsoTrd:	523	Error índice solicitado no presente
Sys.msg	46	PPPIsoTrd:	524	Error datos no presentes en memoria: GetPar
Sys.msg	46	PPPIsoTrd:	525	Error instrucción no presente: GetPar
Sys.msg	46	PPPIsoTrd:	526	Error instrucción desconocida: SetCodePos
Sys.msg	46	PPPIsoTrd:	527	Error código instrucción desconocido: LoadPrg
Sys.msg	46	PPPIsoTrd:	528	Error lectura parámetro: LoadPrg
Sys.msg	46	PPPIsoTrd:	529	Error código XABS desconocido: LoadPrg
Sys.msg	46	PPPIsoTrd:	530	Error carácter inesperado: LoadPrg
Sys.msg	46	PPPIsoTrd:	531	Error número instrucción inválido: LoadPrg
Sys.msg	46	PPPIsoTrd:	532	Error índice fuera del recorrido admitido: GetCode
Sys.msg	46	PPPIsoTrd:	533	Error parámetro no programado: GetCode
Sys.msg	46	PPPIsoTrd:	534	Error programa no cargado: GetDimPrg
Sys.msg	46	PPPIsoTrd:	535	Error código no encontrado: GetPppErr
Sys.msg	46	PPPIsoTrd:	536	Error código no tratado: GetPppErr
Sys.msg	46	PPPIsoTrd:	537	Error nombre archivo NCI: LoadConstMac
Sys.msg	46	PPPIsoTrd:	538	Error parámetro pasado incorrectamente
Sys.msg	46	PPPIsoTrd:	539	Error número cabezal ausente: ExtractPar
Sys.msg	46	PPPIsoTrd:	540	Error imposible abrir archivo: UpdateFileKey
Sys.msg	46	PPPIsoTrd:	541	Error campo solicitado no presente en la lista asociada de los parámetros
Sys.msg	46	PPPIsoTrd:	542	Error dos caracteres $ en la misma línea del archivo NCI.CFG
Sys.msg	46	PPPIsoTrd:	543	Error buffer demasiado pequeño
Sys.msg	46	PPPIsoTrd:	544	Error nueva llave en el archivo NCI.CFG mientras una llave corriente está en registro
Sys.msg	46	PPPIsoTrd:	545	Error llave ISO ausente
Sys.msg	46	PPPIsoTrd:	546	Error parámetro solicitado no común
Sys.msg	46	PPPIsoTrd:	547	Error en el nombre del archivo programa XABS
Sys.msg	46	PPPIsoTrd:	548	Error de valor desconocido de la llave FILE
Sys.msg	46	PPPIsoTrd:	549	Error de archivos CFG ausentes
Sys.msg	46	PPPIsoTrd:	550	Error de sintaxis en el archivo (típico: XABS)
Sys.msg	47	VtGenIso:	0	?
Sys.msg	47	VtGenIso:	1	Archivo '%s' no encontrado o formateado no correctamente
Sys.msg	47	VtGenIso:	2	Archivo '%s' formateado no correctamente
Sys.msg	47	VtGenIso:	3	Ruta del archivo '%s' no válida
Sys.msg	47	VtGenIso:	4	Atributo '%s' = '%s' del elemento '%s' no válido
Sys.msg	47	VtGenIso:	5	Atributo '%s' del elemento '%s' no encontrado
Sys.msg	47	VtGenIso:	6	Elemento '%s' no encontrado
Sys.msg	47	VtGenIso:	7	Elemento '%s' del elemento %s no encontrado
Sys.msg	47	VtGenIso:	8	Elemento '%s' = '%s' no válido
Sys.msg	47	VtGenIso:	9	(%s,%D): Parámetro %s no válido
Sys.msg	48	PlPathFilter32:	0	?
Sys.msg	48	PlPathFilter32:	1	Memoria insuficiente
Sys.msg	48	PlPathFilter32:	2	ID no válido
Sys.msg	48	PlPathFilter32:	3	Cota X no coherente
Sys.msg	48	PlPathFilter32:	4	Cota Y no coherente
Sys.msg	48	PlPathFilter32:	5	Datos de PACK incorrectos
Sys.msg	48	PlPathFilter32:	6	Error de lectura de los datos de un travesaño
Sys.msg	48	PlPathFilter32:	7	En el archivo .Txx falta la sección IDENTIFICACIÓN
Sys.msg	48	PlPathFilter32:	8	Inicialización no efectuada
Sys.msg	48	PlPathFilter32:	9	El dispositivo no puede ser extraído
Sys.msg	48	PlPathFilter32:	10	El dispositivo no puede ser restablecido
Sys.msg	48	PlPathFilter32:	11	Pieza bloqueada por 2 lados
Sys.msg	48	PlPathFilter32:	12	La pieza %d choca en carga con el vástago de la morsa %d de la barra %d
Sys.msg	48	PlPathFilter32:	13	La pieza %d choca en carga con la morsa %d de la barra %d
Sys.msg	48	PlPathFilter32:	14	 La pieza %d choca en descarga con la morsa %d de la barra %d
Sys.msg	48	PlPathFilter32:	15	En AXIS MOTORPLANE la mínima distancia en Y entre morsas para carga y descarga tiene que ser mayor de cero
Sys.msg	48	PlPathFilter32:	16	Error durante la apertura del fichero *.v??
Sys.msg	48	PlPathFilter32:	17	Dispositivos de bloqueo no en posición
Sys.msg	49	CMU:	0	?
Sys.msg	49	CMU:	1	Imposible leer el fichero CMU en entrada
Sys.msg	49	CMU:	2	Fichero CMU con formato incorrecto
Sys.msg	49	CMU:	3	Imposible localizar el fichero CMU
Sys.msg	49	CMU:	4	Fichero CMU incorrecto
Sys.msg	49	CMU:	5	Memoria insuficiente
Sys.msg	49	CMU:	6	Atributo 'enable' incorrecto
Sys.msg	49	CMU:	7	Atributo incorrecto
Sys.msg	49	CMU:	8	Atributo no encontrado
Sys.msg	49	CMU:	9	Imposible escribir el fichero CMU en salida
Sys.msg	49	CMU:	10	Imposible añadir un elemento
Sys.msg	50	X3Types:	0	?
Sys.msg	50	X3Types:	1	System Error -> ParamKO
Sys.msg	50	X3Types:	2	Memoria insuficiente
Sys.msg	50	X3Types:	3	System Error -> PuntKO
Sys.msg	50	X3Types:	10	Sub-Máquina(%D) del Cabezal(%D) incorrecta
Sys.msg	50	X3Types:	11	Sub-Máquina(%D) del Cabezal(%D) incorrecta: presencia contemporánea de Multi-Máquina y Mono-Máquina
Sys.msg	50	X3Types:	12	Grupo(%D) del Cabezal(%D) incorrecto, Sub-Máquina(%D)
Sys.msg	50	X3Types:	13	Grupo(%D) del Cabezal(%D) incorrecto, Sub-Máquina(%D): presencia contemporánea de Multi-Grupo y Mono-Grupo
Sys.msg	50	X3Types:	14	Grupo(%D) del Cabezal(%D) incorrecto, Sub-Máquina(%D): el Grupo debe ser unívoco en el interior de la Máquina
Sys.msg	50	X3Types:	15	Cabezal Virtual(%D) del Cabezal(%D) incorrecto, Sub-Máquina(%D)
Sys.msg	50	X3Types:	16	Cabezal Virtual(%D) del Cabezal(%D) incorrecto, Sub-Máquina(%D): el Cabezal Virtual debe ser unívoco en el interior de la Sub-Máquina
Sys.msg	50	X3Types:	17	Cabezal Virtual(%D) no presente
Sys.msg	50	X3Types:	18	Cabezal Absoluta(%D) no presente
Sys.msg	51	xcParser:	0	?
Sys.msg	51	xcParser:	1	Operador binario '%s' inesperado en la posición %D
Sys.msg	51	xcParser:	2	Símbolo '%s' inesperado en la posición %D
Sys.msg	51	xcParser:	3	Fin fórmula inesperada en la posición %D
Sys.msg	51	xcParser:	4	Coma inesperada en la posición %D
Sys.msg	51	xcParser:	5	Argumento de función inesperado en la posición %D
Sys.msg	51	xcParser:	6	Valor '%s' inesperado en la posición %D
Sys.msg	51	xcParser:	7	Variable '%s' inesperada en la posición %D
Sys.msg	51	xcParser:	8	Paréntesis '%s' inesperada en la posición %D
Sys.msg	51	xcParser:	9	Símbolo de tipo cadena inesperado a la posición %D
Sys.msg	51	xcParser:	10	Función de tipo cadena llamada con un argumento no del mismo tipo
Sys.msg	51	xcParser:	11	Función de tipo numérico llamada con un argumento no del mismo tipo
Sys.msg	51	xcParser:	12	Paréntesis ausentes
Sys.msg	51	xcParser:	13	Función '%s' inesperada encontrada en la posición %D
Sys.msg	51	xcParser:	14	Cadena no terminada a partir de la posición %D.
Sys.msg	51	xcParser:	15	Demasiados parámetros para la función '%s' en la posición %D
Sys.msg	51	xcParser:	16	Pocos parámetros para la función '%s' en la posición %D
Sys.msg	51	xcParser:	17	Operador no apropiado '%s' en la posición %D.
Sys.msg	51	xcParser:	18	El resultado de la función es de tipo cadena
Sys.msg	51	xcParser:	19	Nombre de la función, variable o constante inválido
Sys.msg	51	xcParser:	20	Operador binario en conflicto con el operador derivado
Sys.msg	51	xcParser:	21	Puntero en la función de callback inválido
Sys.msg	51	xcParser:	22	Puntero en la variable inválido
Sys.msg	51	xcParser:	23	Nombre en conflicto
Sys.msg	51	xcParser:	24	Prioridad de los operadores inválida (debe ser mayor o igual a cero)
Sys.msg	51	xcParser:	25	División por cero
Sys.msg	51	xcParser:	26	División por cero
Sys.msg	51	xcParser:	27	Error genérico
Sys.msg	51	xcParser:	28	Error interno
Sys.msg	51	xcParser:	40	(%s,%D) Error interno
Sys.msg	51	xcParser:	41	(%s,%D) Parámetro '%s' inválido
Sys.msg	51	xcParser:	42	(%s,%D) Demasiadas variables para la tabla de los símbolos. Variable '%s' no admitida
Sys.msg	51	xcParser:	43	(%s,%D) Variable '%s' ya definida
Sys.msg	52	[GM]	0	?
Sys.msg	52	[GM]	1	Remachadora ?g: clavos requeridos ?g, clavos que han quedado ?g
Sys.msg	52	[GM]	2	T?g: superación dirección ?g en tabla variables para cambio herramienta
Sys.msg	52	[GM]	3	T?g: superación de ?g movimientos respecto al máximo consentido para cada cabeza en un programa
Sys.msg	52	[GM]	4	Ajuste cabezas corriente: M1=?g - M2=?g
Sys.msg	52	[GM]	5	Tipo de mesa automática no disponible
Sys.msg	52	[GM]	6	Modificación en el tipo de mesa memorizada pero no efectuada. Salir  del Panel Máquina y volver a entrar.
Sys.msg	52	[GM]	7	Tipo de mesa en AXIS.MOTORPLANE no compatible con los ID de los motores.
Sys.msg	52	[GM]	8	Reservado a Bag()->SetGenMessage(...)
Sys.msg	52	[GM]	9	Remachadora ?g: los clavos tiene longitud  ?g superior al espesor pieza (DZ)
Sys.msg	52	[GM]	10	Driver de comunicación B&R: memoria insuficiente.
Sys.msg	52	[GM]	11	Plc B&R no ok.
Sys.msg	52	[GM]	12	Tipo de lectura variable B&R inválido.
Sys.msg	52	[GM]	13	El Plc B&R no ha terminado la inicialización.
Sys.msg	52	[GM]	14	Error en la escritura de archivo en memoria B&R.
Sys.msg	52	[GM]	15	Dirección del servidor B&R inválido.
Sys.msg	52	[GM]	16	Error en la lectura de archivo de la memoria B&R.
Sys.msg	52	[GM]	17	La mesa ha sido programada tanto con EPL como con las PB. Tomar la programación EPL.
Sys.msg	52	[GM]	18	Error en la lectura desde B&R del archivo de los mensajes Plc.
Sys.msg	52	[GM]	19	Error palpación: Z-Tablero[=?g] inferior a Z-Mártir[=?g]
Sys.msg	52	[GM]	20	La cabeza ?g no puede cargar la herramienta ?g
Sys.msg	52	[GM]	21	Cotas palpadas en curso: Z-Tablero=?g - Z->T.Protección=?g
Sys.msg	52	[GM]	22	Los offset X de las barras en Support.cfg deben ser idénticos. Corrija, salga y vuelva a entrar.
Sys.msg	52	[GM]	23	Con RIP activo no se admiten reservas.
Sys.msg	52	[GM]	24	Número ciclo laser programado (?g) no admitido [range: 1-?g]
Sys.msg	52	[GM]	25	Error ciclo laser ?g: número aperturas [?g] y número cierres [?g] incoherentes
Sys.msg	52	[GM]	26	Error ciclo laser ?g: dos aperturas ciclo consecutivas
Sys.msg	52	[GM]	27	Error ciclo laser ?g: cierre ciclo sin relativa apertura
Sys.msg	52	[GM]	28	Areas de trabajo programadas con primer travesaño y/o número de travesaños no configurados 
Sys.msg	52	[GM]	29	 Ejecución programa laser en área?c?c no admitida porque no requerida por el programa 
Sys.msg	52	[GM]	30	Carga de XIMULA no logrado.
Sys.msg	52	[GM]	31	XIMULA empeñado en otra simulación.
Sys.msg	52	[GM]	32	El file 
Sys.msg	52	[GM]	33	Error del módulo cargador (cod.:?g)
Sys.msg	52	[GM]	34	Error del módulo cargador (Color/Material ausentes o mal formatados)
Sys.msg	52	[GM]	35	Solicitud control calidad pieza en área ?c?c
Sys.msg	52	[GM]	36	XUNSAFETLEN H=?g: cabezal n°?g (PHeads.cfg) no descargable en automático (no configurado o sin CUT automático)
@037,R,
Sys.msg	52	[GM]	38	Disponibilidad parcial material en almacén: mix no realizable por completo
Sys.msg	52	[GM]	39	Material el almacén agotado
Sys.msg	52	[GM]	40	?s
Sys.msg	52	[GM]	41	Código herramienta colocado en la dirección de memoria chip no conforme
Sys.msg	52	[GM]	42	Error de ejecución fichero por parte del Robot
Sys.msg	52	[GM]	43	Error de lectura datos de la Load Machine
Sys.msg	52	[GM]	44	Descarga no ejecutable causa presencia de almacenes de sitios fijos y herramienta en cabezal de procedencia no conocida
Sys.msg	52	[GM]	45	Orchestra Error
Sys.msg	52	[GM]	46	Error: ejecución aplicativo output datos imposible
Sys.msg	52	[GM]	47	Error: aplicativo output datos no configurado
Sys.msg	52	[GM]	48	Error movimiento herramienta: Job #?g (T?g) -> Movimiento #?g => U=?g Da=?g A=?g
Sys.msg	52	[GM]	49	Herramienta ?c?g: Posición almacén indefinida [corregir tabla herramientas en MDI]
Sys.msg	52	[GM]	50	Espera fin download en ejecución...
Sys.msg	52	[GM]	51	Download programa ISO (?g) en área ?g en ejecución...
Sys.msg	52	[GM]	52	Palpación en área ?g en ejecución...
Sys.msg	52	[GM]	53	Cancelación programa ISO (?g) en área ?g en ejecución...
Sys.msg	52	[GM]	54	Peligro choques: taladro-anubados consecutivos fuera tolerancia (max:?gmm) de ?gmm en ?c (línea PGM: ?g)
Sys.msg	52	[GM]	55	?s
Sys.msg	52	[GM]	56	Herramienta E?g: Radio excesivo para almacén rápido (S?g)
Sys.msg	52	[GM]	57	Herramienta E?g: Longitud excesiva para almacén rápido (S?g)
Sys.msg	52	[GM]	58	Choque herramientas (E?g vs E?g): inhibida carga de E?g en almacén rápido manipulador
Sys.msg	52	[GM]	59	Choque herramientas (E?g vs E?g): inhibida carga de E?g en almacén rápido lanzadera
Sys.msg	52	[GM]	60	Superado número máximo de cambios herramienta/cabezal para cada programa (max:?g)
Sys.msg	52	[GM]	61	 Superado número máximo de elaboraciones para cada programa (max:?g)
Sys.msg	52	[GM]	62	Longitud de E?g (G?g) actualizada (?gmm) 
Sys.msg	52	[GM]	63	 Longitud de E?g (G?g) NO actualizada 
Sys.msg	52	[GM]	64	Con RIP activo no se admiten (x)TA ni (x)MSG con solicitud de input.
Sys.msg	52	[GM]	65	Antes de volver a empezar pulsar RESET.
Sys.msg	52	[GM]	66	PARADA CONTROLADA DEL MIX...ESPERAR EL FINAL
Sys.msg	52	[GM]	67	ERROR EN LA ACTUALIZACIÓN DE LA CONFIGURACIÓN DE LA MESA
Sys.msg	52	[GM]	68	Post Processor (PostISO) no presente
Sys.msg	52	[GM]	69	[ETIQUETADO] Fichero '?s' precargado
Sys.msg	52	[GM]	70	[ETIQUETADO] Fichero '?s' no precargado (fichero ausente o etiquetado no solicitado)
Sys.msg	52	[GM]	71	[ETIQUETADO] Fichero '?s' NO enviado a la impresora (programa actual)
Sys.msg	52	[GM]	72	[ETIQUETADO] Fichero '?s' NO enviado a la impresora (programa en cola)
Sys.msg	52	[GM]	73	[ETIQUETADO] Solicitado etiquetado contemporáneo para programa actual y en cola
Sys.msg	52	[GM]	74	[ETIQUETADO] Solicitado etiquetado no previsto para programa actual
Sys.msg	52	[GM]	75	[ETIQUETADO] Solicitado etiquetado no previsto para programa en cola
Sys.msg	52	[GM]	76	[ETIQUETADO] Fichero '?s' enviado a la impresora (programa actual)
Sys.msg	52	[GM]	77	[ETIQUETADO] Fichero '?s' enviado a la impresora (programa en cola)
Sys.msg	52	[GM]	78	[ETIQUETADO] Operación completada para programa actual
Sys.msg	52	[GM]	79	[ETIQUETADO] Operación completada para programa en cola
Sys.msg	52	[GM]	80	?s
Sys.msg	53	Reserved	0	Reservado a las alarmas especiales PLC
Sys.msg	54		0	INICIALIZACIÓN CICLO DESDE RESET PROGRAMA
Sys.msg	54		1	LOOP EN EL PROGRAMA PRINCIPAL EN ESPERA DE MANDOS
Sys.msg	54		2	CARGA ZONA IZ
Sys.msg	54		3	TOMA PIEZA DE CINTA DE RODILLOS ZONA IZ
Sys.msg	54		4	CARGA PIEZA EN FRESA ZONA IZ
Sys.msg	54		5	CARGA ZONA DER
Sys.msg	54		6	TOMA PIEZA DE CINTA DE RODILLOS ZONA DER
Sys.msg	54		7	CARGA PIEZA EN FRESA ZONA DER
Sys.msg	54		8	DESCARGA ZONA IZ
Sys.msg	54		9	DESCARGA PIEZA EN FRESA ZONA IZ
Sys.msg	54		10	DEPOSITO PIEZA EN CINTA DE RODILLOS IZ
Sys.msg	54		11	DESCARGA ZONA DER
Sys.msg	54		12	DESCARGA PIEZA EN FRESA ZONA DER
Sys.msg	54		13	DEPOSITO PIEZA EN CINTA DE RODILLOS DER
Sys.msg	54		14	FORZAMIENTO IR A 0 EJE EXTERNO 1
Sys.msg	54		51	INCOHERENCIA ENTRE VALUATION CODE
Sys.msg	54		52	FALTA PRESIÓN GENERAL LÍNEA
Sys.msg	54		53	POSIBLE CAIDA PIEZA ¿DESBLOQUEAR PINZAS IGUALMENTE?(DURANTE RESET)
Sys.msg	54		54	ZONA NO SEGURA DESPLAZAR EL ROBOT EN ZONA SEGURA(DURANTE RESET)
Sys.msg	54		100	ERROR DE COMUNICACIÓN
Sys.msg	55	COMBIFLEXCONTROLXW:	0	?
Sys.msg	55	COMBIFLEXCONTROLXW:	1	Error interno. Error del método %s() en el interior del archivo %s.
Sys.msg	55	COMBIFLEXCONTROLXW:	2	Archivo %s no encontrado.
Sys.msg	55	COMBIFLEXCONTROLXW:	3	La propiedad %s no puede ser modificada durante una planificación.
Sys.msg	55	COMBIFLEXCONTROLXW:	4	La posición de trabajo del plano CombiFlex no está configurada.
Sys.msg	55	COMBIFLEXCONTROLXW:	5	Error durante la apertura del archivo %s.
Sys.msg	55	COMBIFLEXCONTROLXW:	6	El archivo %s no respeta el esquema %s. Error: %s
Sys.msg	55	COMBIFLEXCONTROLXW:	7	El programa no está formado únicamente por la Macro Programación. La instrucción Xiso en la línea %s aparece por fuera de la Macro.
Sys.msg	55	COMBIFLEXCONTROLXW:	8	La Macro %s en la línea %s del programa %s no respeta las reglas definidas por el esquema de la Macro Programación.
Sys.msg	55	COMBIFLEXCONTROLXW:	9	La Macro %s en la línea %s no contiene la definición del inicio del trabajo. La directiva [%XISO WORKPIECEBEGIN] falta.
Sys.msg	55	COMBIFLEXCONTROLXW:	10	La Macro %s en la línea %s no contiene la definición de la dimensión del trabajo. La directiva [%XISO WORKPIECESIZE] falta.
Sys.msg	55	COMBIFLEXCONTROLXW:	11	La Macro %s en la línea %s no contiene la definición de la finalización del trabajo. La directiva [%XISO WORKPIECEEND] falta.
Sys.msg	55	COMBIFLEXCONTROLXW:	12	El programa %s contiene más de una directiva [%XISO OVERDIMENSION]. Se admite una sola directiva. Controle la Macro %s en la línea %s.
Sys.msg	55	COMBIFLEXCONTROLXW:	13	El programa %s contiene más de una directiva [%XISO LOCKSOLUTION]. Se admite una sola directiva. Controle la Macro %s en la línea %s.
Sys.msg	55	COMBIFLEXCONTROLXW:	14	%s. Error durante la lectura del archivo %s.
Sys.msg	55	COMBIFLEXCONTROLXW:	15	%s. Error durante la lectura de la sección %s del archivo %s.
Sys.msg	55	COMBIFLEXCONTROLXW:	16	%s. Error durante la lectura de la sección %s con clave %s del archivo %s.
Sys.msg	55	COMBIFLEXCONTROLXW:	17	%s. Error durante la escritura del archivo %s.
Sys.msg	55	COMBIFLEXCONTROLXW:	18	El path del directorio de trabajo de los algoritmos de cálculo no es válido.
Sys.msg	55	COMBIFLEXCONTROLXW:	19	Los datos de trabajo primarios de la interfaz a los datos y a los servicios datos de proyecto no son válidos.
Sys.msg	55	COMBIFLEXCONTROLXW:	20	La instancia %s en el método %s() en el interior del archivo %s no es válida.
Sys.msg	55	COMBIFLEXCONTROLXW:	21	En el programa %s no se admite cortar la pieza por la mitad. La dimensión izquierda del trabajo es %s, mientras aquella derecha es %s. El centro de la pieza en X es %s.
Sys.msg	55	COMBIFLEXCONTROLXW:	22	En el programa %s no es posible tener más de un desecho por vez. Los trabajos programados producen %s desechos a la izquierda y %s desechos a la derecha de la pieza.
Sys.msg	55	COMBIFLEXCONTROLXW:	23	El plano de trabajo número %s no es DUAL.
Sys.msg	55	COMBIFLEXCONTROLXW:	24	Error durante la lectura de la configuración. Los datos del plano de trabajo%s del banco %s no son accesibles.
Sys.msg	55	COMBIFLEXCONTROLXW:	25	%s Error del método %s() en el interior del archivo %s.
Sys.msg	55	COMBIFLEXCONTROLXW:	26	En el programa %s la alineación de la pieza sobre el plano de trabajo %s del banco %s no es válido. La distancia %s entre mordazas %s y %s es inferior o igual al valor de la alineación %s.
Sys.msg	55	COMBIFLEXCONTROLXW:	27	En el programa %s el posicionamiento sobre el plano de trabajo %s del banco %s no es válido. No hay mordazas suficientes para tomar completamente la pieza.
Sys.msg	55	COMBIFLEXCONTROLXW:	28	En el programa %s el posicionamiento sobre el plano de trabajo %s del banco %s no es válido. La pieza es demasiado pequeña y no es posible morderla.
Sys.msg	55	COMBIFLEXCONTROLXW:	29	El programa %s ya ha sido optimizado, no puede ser optimizado ulteriormente.
Sys.msg	55	COMBIFLEXCONTROLXW:	30	En el programa %s no se encuentra presente la instrucción OVERDIMENSION.
Sys.msg	55	COMBIFLEXCONTROLXW:	31	En el programa %s no se admite más de un bloqueo forzado por fase. La fase %s tiene %s solicitudes de bloqueo en %s.
Sys.msg	55	COMBIFLEXCONTROLXW:	32	En el programa %s el valor de máxima toma en Y es menor que el pellizco mínimo requerido de la toma de la pieza con la mordaza. YPhaseClamp=%s < Clamp.MinimumStaple=%s.
Sys.msg	55	COMBIFLEXCONTROLXW:	33	En el programa %s el valor de máxima toma en Y es mayor que el pellizco máximo requerido de la toma de la pieza con la mordaza. YPhaseClamp=%s > Clamp.MaximumStaple=%s.
Sys.msg	55	COMBIFLEXCONTROLXW:	34	En el programa %s el movimiento de la pieza durante la máxima toma en Y es mayor que el movimiento máximo requerido. YMaximumOverhang=%s > Clamp.MaximumYOverhang=%s.
Sys.msg	55	COMBIFLEXCONTROLXW:	35	Error durante la ubicación del programa %s en el banco %s. El banco ya está ocupado por el programa %s.
Sys.msg	55	COMBIFLEXCONTROLXW:	36	Nombre del archivo %s no válido.
Sys.msg	55	COMBIFLEXCONTROLXW:	37	Ningún programa puede ser procesado.
Sys.msg	55	COMBIFLEXCONTROLXW:	38	El programa WinXiso no ha sido encontrado: %s.
Sys.msg	55	COMBIFLEXCONTROLXW:	39	Errores durante la generación del programa %s.
Sys.msg	55	COMBIFLEXCONTROLXW:	40	El cargador de las piezas no se encuentra ubicado a la izquierda del plano CombiFlex.
Sys.msg	55	COMBIFLEXCONTROLXW:	41	Error de configuración, la evolución de las pinzas del cargador no se desarrolla desde la derecha hacia la izquierda.
Sys.msg	55	COMBIFLEXCONTROLXW:	42	En el programa %s no ha sido posible encontrar una solución para la toma de la pieza. O la pieza es demasiado pequeña o las pinzas del cargador se encuentran en colisión con las mordazas.
Sys.msg	55	COMBIFLEXCONTROLXW:	43	El archivo equipamiento %s del programa %s no es compatible con el archivo equipamiento %s del programa %s.
Sys.msg	55	COMBIFLEXCONTROLXW:	44	Demasiadas herramientas en el interior de la Macro Programación %s. La directiva [%XISO WORKPIECEBEGIN] y [%XISO WORKPIECEEND] debe contener la utilización de una única herramienta.
Sys.msg	55	COMBIFLEXCONTROLXW:	45	En el programa %s el pellizco entre la primera y la segunda fase no permite la distancia de seguridad de %smm entre las pinzas y los trabajos. La distancia calculada en Y entre los trabajos de la primera y segunda fase es de %smm.
Sys.msg	55	COMBIFLEXCONTROLXW:	46	En el programa %s no ha sido posible encontrar una solución para la toma de la pieza. Todos los trabajos se encuentran en superposición con las mordazas.
Sys.msg	55	COMBIFLEXCONTROLXW:	47	En el programa %s el intereje de %smm entre mordazas %s y %s es mayor que el intereje máximo permitido. El intereje máximo permitido es igual a %smm.
Sys.msg	55	COMBIFLEXCONTROLXW:	48	En el programa %s no ha sido posible encontrar una solución para la toma de la pieza. El contenedor del flujo de trabajo de todo el PartProgram se encuentra vacío.
Sys.msg	55	COMBIFLEXCONTROLXW:	49	Las dimensiones del Macro Trabajo %s no son válidas: XMin=%s, XMax=%s, YMin=%s, YMax=%s, ZMin=%s, ZMax=%s.
Sys.msg	55	COMBIFLEXCONTROLXW:	50	Biblioteca %s no encontrada.
Sys.msg	55	COMBIFLEXCONTROLXW:	51	En el programa %s el bloqueo configurado %s está fuera de los límites configurados: %s <= %s[%s] <= %s.
Sys.msg	55	COMBIFLEXCONTROLXW:	52	En el programa %s el pellizco entre las fases %s y la fase %s genera una colisión de %s mm.
Xiso.msg	3	xISO:	0	?
Xiso.msg	3	xISO:	1	El file fuente no termina en modo correcto.
Xiso.msg	3	xISO:	2	Car cter no admitido.
Xiso.msg	3	xISO:	3	Falta el doble ap¢strofe.
Xiso.msg	3	xISO:	4	Texto fuente no correcto.
Xiso.msg	3	xISO:	5	Memoria insuficiente (syntax stack overflow).
Xiso.msg	3	xISO:	6	Memoria insuficiente (syntax stack underflow).
Xiso.msg	3	xISO:	7	Campo no previsto por la instrucci¢n.
Xiso.msg	3	xISO:	8	Memoria insuficiente.
Xiso.msg	3	xISO:	9	Programa demasiado complejo.
Xiso.msg	3	xISO:	10	L¡nea de texto demasiado larga.
Xiso.msg	3	xISO:	11	Falta el nombre del file fuente.
Xiso.msg	3	xISO:	12	Falta el nombre del file objeto.
Xiso.msg	3	xISO:	13	Error en la apartura del file objeto.
Xiso.msg	3	xISO:	14	Error en la apertura del file de backlog.
Xiso.msg	3	xISO:	15	Error en la apertura del file fuente.
Xiso.msg	3	xISO:	16	Error en la apertura del file de impresi¢n.
Xiso.msg	3	xISO:	17	Variable no definida.
Xiso.msg	3	xISO:	18	Se pide un nombre de variable o de par metro.
Xiso.msg	3	xISO:	19	Se pide un nombre de variable  a£n no definida.
Xiso.msg	3	xISO:	20	Se pide un nombre de etiqueta (label).
Xiso.msg	3	xISO:	21	La instrucci¢n H no puede repetirse.
Xiso.msg	3	xISO:	22	La instrucci¢n H debe ser la primera del programa.
Xiso.msg	3	xISO:	23	Expresi¢n demasiado compleja.
Xiso.msg	3	xISO:	24	Declaraci¢n de par metro no admitida.
Xiso.msg	3	xISO:	25	Demasiados par metros.
Xiso.msg	3	xISO:	26	Car cter # no admitido.
Xiso.msg	3	xISO:	27	Lista de las herramientas demasiado larga.
Xiso.msg	3	xISO:	28	N£mero de almac‚n no admitido.
Xiso.msg	3	xISO:	29	N£mero de herramienta no admitida.
Xiso.msg	3	xISO:	30	Instrucci¢n no perteneciente al lenguaje xISO.
Xiso.msg	3	xISO:	31	Es obligatorio especificar un valor positivo para el campo DX.
Xiso.msg	3	xISO:	32	Es obligatorio especificar un valor positivo para el campo DY.
Xiso.msg	3	xISO:	33	Es obligatorio especificar un valor positivo para el campo DZ.
Xiso.msg	3	xISO:	34	Es obligatorio especificar un valor para el campo -.
Xiso.msg	3	xISO:	35	Es obligatorio especificar un nombre de equipamiento.
Xiso.msg	3	xISO:	36	Nombre de equipamiento no admitido.
Xiso.msg	3	xISO:	37	Es obligatorio especificar una unidad de medida.
Xiso.msg	3	xISO:	38	Operador no admitido.
Xiso.msg	3	xISO:	39	Instrucci¢n no admitida al interior de un mix.
Xiso.msg	3	xISO:	40	Nivel de nidificaci¢n subprogramas demasiado elevado.
Xiso.msg	3	xISO:	41	Variable o etiqueta no definida .
Xiso.msg	3	xISO:	42	S¡mbolo no admitido.
Xiso.msg	3	xISO:	43	Error en la apertura del file bitmap.
Xiso.msg	3	xISO:	44	La instrucci¢n ENDVT no est  admitida fuera de una VT.
Xiso.msg	3	xISO:	45	La divisi¢n por cero no est  admitida.
Xiso.msg	3	xISO:	46	La ra¡z cuadrada no se puede aplicar a un n£mero negativo.
Xiso.msg	3	xISO:	47	El argumento del arco coseno debe estar comprendido entre -1 y 1.
Xiso.msg	3	xISO:	48	Error en la elevaci¢n a potencia.
Xiso.msg	3	xISO:	49	El argumento del arco seno debe estar comprendido entre -1 y 1.
Xiso.msg	3	xISO:	50	Error en el c lculo del coseno.
Xiso.msg	3	xISO:	51	Error en el c lculo del seno.
Xiso.msg	3	xISO:	52	Error en el c lculo de la tangente.
Xiso.msg	3	xISO:	53	El argumento del logaritmo natural debe ser positivo.
Xiso.msg	3	xISO:	54	El argumento del logaritmo decimal debe ser positivo.
Xiso.msg	3	xISO:	55	Instrucci¢n no admitida al interior de una VT.
Xiso.msg	3	xISO:	56	Falta la instrucci¢n ENDVT.
Xiso.msg	3	xISO:	57	La instrucci¢n VROW no est  admitida fuera de una  VT.
Xiso.msg	3	xISO:	58	La tabla de las ventosas no puede repetirse.
Xiso.msg	3	xISO:	59	Demasiadas ventosas.
Xiso.msg	3	xISO:	60	Instrucci¢n no admitida al interior de un programa.
Xiso.msg	3	xISO:	61	Declaraci¢n de alias no admitida.
Xiso.msg	3	xISO:	62	El valor de la instrucci¢n C debe estar comprendido entre 0 y 3.
Xiso.msg	3	xISO:	63	Se requiere un valor constante.
Xiso.msg	3	xISO:	64	Compilador no disponible.
Xiso.msg	3	xISO:	65	Instrucci¢n no perteneciente al lenguaje xISOE.
Xiso.msg	3	xISO:	66	La tabla de las ventosas debe ser la £ltima instrucci¢n.
Xiso.msg	3	xISO:	67	Error de apertura del file 'xISO.msg'.
Xiso.msg	3	xISO:	68	Subprogramas que a£n est n en uso imposible cancelarlos.
Xiso.msg	3	xISO:	69	Demasiadas variables.
Xiso.msg	3	xISO:	70	Texto fuente no encontrado en el programa.
Xiso.msg	3	xISO:	71	Se requiere una expresi¢n.
Xiso.msg	3	xISO:	72	Nombre de ambiente no admitido.
Xiso.msg	3	xISO:	73	Es obligatorio especificar un valor positivo para el campoR.
Xiso.msg	3	xISO:	74	Nivel de nidificaci¢n IF demasiado elevado.
Xiso.msg	3	xISO:	75	Falta la instrucci¢n IF.
Xiso.msg	3	xISO:	76	Falta la instrucci¢n FI.
Xiso.msg	3	xISO:	77	Falta la instrucci¢n DO.
Xiso.msg	3	xISO:	78	Nivel de nidificaci¢n DO demasiado elevado.
Xiso.msg	3	xISO:	79	Falta la instrucci¢n OD.
Xiso.msg	3	xISO:	80	Nombre de Instrucci¢n DO no definido.
Xiso.msg	3	xISO:	81	N£mero de par metro no admitido.
Xiso.msg	3	xISO:	82	Demasiadas alias.
Xiso.msg	3	xISO:	83	Demasiados bornes
Xiso.msg	3	xISO:	84	La instrucci¢n RET no puede repetirse.
Xiso.msg	3	xISO:	85	STDOPROG no se puede volver a asignar.
Xiso.msg	3	xISO:	86	Valor para STDOPROG no admitido.
Xiso.msg	3	xISO:	87	Falta la instrucci¢n BEGIN.